#VRML V2.0 utf8
# 3D model generated by easyeda2kicad.py (https://github.com/uPesy/easyeda2kicad.py)

Shape{
    appearance Appearance {
        material  Material 	{
            diffuseColor 0.20784313725490197 0.20784313725490197 0.20784313725490197
            specularColor 0.01568627450980392 0.01568627450980392 0.01568627450980392
            ambientIntensity 0.298
            transparency 0.0
            shininess 0.5
        }
    }
    geometry IndexedFaceSet {
        ccw TRUE
        solid FALSE
        coord DEF co Coordinate {
            point [
                1.4272 0.5705 0.1181, -1.4272 0.5705 0.1181, 1.4272 0.6098 0.1181, -1.4272 0.6098 0.1181, -1.5453 0.5705 0.1181, -1.6417 0.4917 0.1181, -1.5453 0.6098 0.1181, -1.6417 0.787 0.1181, 1.6417 0.787 0.1181, 1.6417 0.4917 0.1181, 1.5453 0.5705 0.1181, 1.5453 0.6098 0.1181, -1.7598 1.0429 0.6535, -1.7598 1.0429 1.0472, -1.6417 1.0429 0.6535, -1.4973 1.0429 1.0472, -1.43 1.0429 1.0889, -1.2677 1.0429 0.0, -1.6417 1.0429 0.0, -1.2677 1.0429 1.126, -1.3509 1.0429 1.1166, 0.2854 0.2949 0.0, 1.6417 0.1374 0.0, 0.2067 0.2949 0.0, -1.6417 0.1374 0.0, 0.2854 0.4917 0.0, 0.4035 0.4917 0.0, 0.4035 0.2949 0.0, -0.8957 0.4917 0.0, -0.7776 0.4917 0.0, -0.8957 0.2949 0.0, -0.7776 0.2949 0.0, 1.0728 0.4917 0.0, 1.6417 0.4917 0.0, 1.359 0.3316 0.0, -1.2704 0.2161 0.0, -1.2625 0.2351 0.0, -1.1713 0.2949 0.0, -1.2598 0.2555 0.0, -0.1083 0.2949 0.0, -0.1083 0.4917 0.0, 0.0098 0.4917 0.0, 0.6791 0.2949 0.0, 1.3182 0.1795 0.0, 0.6004 0.2949 0.0, 0.4823 0.2949 0.0, 0.6004 0.4917 0.0, 0.4823 0.4917 0.0, -1.2625 0.2759 0.0, -1.2704 0.2949 0.0, -1.1713 0.4917 0.0, -1.2829 0.3112 0.0, -1.2992 0.3237 0.0, 1.359 0.1795 0.0, 1.3386 0.1768 0.0, 0.0886 0.4917 0.0, 0.2067 0.4917 0.0, 0.0886 0.2949 0.0, 1.378 0.1873 0.0, 1.3943 0.1998 0.0, 1.4068 0.2161 0.0, 0.876 0.4917 0.0, 0.9941 0.4917 0.0, 0.876 0.2949 0.0, 0.9941 0.2949 0.0, -1.3182 0.3316 0.0, -1.3386 0.3343 0.0, -1.6417 0.4917 0.0, 1.4068 0.2949 0.0, 1.3943 0.3112 0.0, 1.378 0.3237 0.0, 1.4146 0.2351 0.0, 1.4173 0.2555 0.0, 1.4146 0.2759 0.0, 0.6791 0.4917 0.0, 0.7972 0.4917 0.0, 0.7972 0.2949 0.0, 1.2992 0.1873 0.0, 1.0728 0.2949 0.0, 1.2598 0.2555 0.0, 1.2625 0.2351 0.0, -1.4146 0.2351 0.0, -1.4068 0.2161 0.0, -1.3943 0.1998 0.0, -1.378 0.1873 0.0, -1.2829 0.1998 0.0, -1.0925 0.2949 0.0, -1.2992 0.1873 0.0, 1.3386 0.3343 0.0, 1.3182 0.3316 0.0, 1.2992 0.3237 0.0, 1.2704 0.2161 0.0, 1.2829 0.1998 0.0, -1.359 0.3316 0.0, -1.378 0.3237 0.0, -1.3943 0.3112 0.0, 1.2829 0.3112 0.0, 1.2704 0.2949 0.0, 1.2625 0.2759 0.0, -1.4068 0.2949 0.0, -1.4146 0.2759 0.0, -1.4173 0.2555 0.0, -1.0925 0.4917 0.0, -0.9744 0.4917 0.0, -0.9744 0.2949 0.0, -1.3182 0.1795 0.0, -0.6988 0.2949 0.0, -0.6988 0.4917 0.0, -0.5807 0.4917 0.0, -0.5807 0.2949 0.0, -0.502 0.2949 0.0, -0.502 0.4917 0.0, -0.3839 0.4917 0.0, -0.3839 0.2949 0.0, -0.3051 0.2949 0.0, 0.0098 0.2949 0.0, -0.187 0.2949 0.0, -0.187 0.4917 0.0, -0.3051 0.4917 0.0, -1.359 0.1795 0.0, -1.3386 0.1768 0.0, 1.378 -0.2563 0.7598, 1.378 -1.4901 0.7598, 1.378 -0.2563 0.4843, 1.378 -1.4901 0.4843, -1.2152 -1.772 0.7598, 1.2152 -1.772 0.7598, -1.378 -1.4901 0.7598, -1.378 -0.2563 0.7598, -1.378 -0.2563 0.4843, -1.378 -1.4901 0.4843, 1.2152 -1.772 0.4843, -1.2152 -1.772 0.4843, 1.1811 -1.8311 0.5433, 1.1811 -1.8311 0.7008, -1.1811 -1.8311 0.5433, -1.1811 -1.8311 0.7008, 1.5294 -0.2563 0.2835, 1.5692 -0.2563 0.3469, 1.594 -0.2563 0.4177, 1.6024 -0.2563 0.4921, 1.6024 -0.2563 0.752, 1.594 -0.2563 0.8264, 1.5692 -0.2563 0.8972, -1.4764 -0.2563 0.2305, -1.4129 -0.2563 0.1906, -1.3422 -0.2563 0.1659, -1.2677 -0.2563 0.1575, 1.2677 -0.2563 0.1575, 1.3422 -0.2563 0.1659, -1.6024 -0.2563 0.752, -1.6024 -0.2563 0.4921, -1.594 -0.2563 0.4177, -1.5692 -0.2563 0.3469, -1.5294 -0.2563 0.2835, 1.4129 -0.2563 0.1906, 1.4764 -0.2563 0.2305, -1.5294 -0.2563 0.9606, -1.5692 -0.2563 0.8972, -1.594 -0.2563 0.8264, 1.5294 -0.2563 0.9606, 1.4764 -0.2563 1.0136, 1.4129 -0.2563 1.0535, -1.3422 -0.2563 1.0782, -1.4129 -0.2563 1.0535, -1.4764 -0.2563 1.0136, 1.3422 -0.2563 1.0782, 1.2677 -0.2563 1.0866, -1.2677 -0.2563 1.0866, -1.6417 -0.2169 0.4921, -1.6417 0.1374 0.4921, -1.6324 0.1374 0.4089, -1.6324 -0.2169 0.4089, -1.6047 0.1374 0.3298, -1.6047 -0.2169 0.3298, -1.5601 0.1374 0.2589, -1.5601 -0.2169 0.2589, -1.5009 0.1374 0.1997, -1.5009 -0.2169 0.1997, -1.43 0.1374 0.1552, -1.43 -0.2169 0.1552, -1.3509 0.1374 0.1275, -1.3509 -0.2169 0.1275, -1.2677 0.1374 0.1181, -1.2677 -0.2169 0.1181, 1.2677 -0.2169 0.1181, 1.2677 0.1374 0.1181, 1.3509 0.1374 0.1275, 1.3509 -0.2169 0.1275, 1.43 0.1374 0.1552, 1.43 -0.2169 0.1552, 1.5009 0.1374 0.1997, 1.5009 -0.2169 0.1997, 1.5601 0.1374 0.2589, 1.5601 -0.2169 0.2589, 1.6047 0.1374 0.3298, 1.6047 -0.2169 0.3298, 1.6324 0.1374 0.4089, 1.6324 -0.2169 0.4089, 1.6417 0.1374 0.4921, 1.6417 -0.2169 0.4921, 1.6417 1.0429 0.0, 1.2677 1.0429 0.0, 1.6417 1.0429 0.6535, 1.2677 1.0429 1.126, 1.7598 1.0429 1.0472, 1.7598 1.0429 0.6535, 1.4973 1.0429 1.0472, 1.3509 1.0429 1.1166, 1.43 1.0429 1.0889, 1.0925 0.8067 0.0, 1.1713 0.8067 0.0, 1.6417 0.787 0.0, 0.9744 0.8067 0.0, 0.9744 0.9642 0.0, 1.0925 0.9642 0.0, 1.2677 0.9642 0.0, 1.1713 0.9642 0.0, -1.6417 0.787 0.0, -1.2677 0.9642 0.0, -1.0728 0.9642 0.0, -0.9941 0.9642 0.0, -0.876 0.9642 0.0, -0.9941 0.8067 0.0, -0.876 0.8067 0.0, 0.5807 0.9642 0.0, 0.6988 0.9642 0.0, 0.5807 0.8067 0.0, 0.6988 0.8067 0.0, 0.3839 0.8067 0.0, 0.3839 0.9642 0.0, 0.502 0.9642 0.0, 0.8957 0.8067 0.0, 0.7776 0.8067 0.0, 0.8957 0.9642 0.0, 0.7776 0.9642 0.0, 0.502 0.8067 0.0, -0.0098 0.8067 0.0, -0.0098 0.9642 0.0, 0.1083 0.9642 0.0, 0.1083 0.8067 0.0, 0.187 0.8067 0.0, 0.3051 0.8067 0.0, 0.3051 0.9642 0.0, 0.187 0.9642 0.0, -1.0728 0.8067 0.0, -0.7972 0.8067 0.0, -0.7972 0.9642 0.0, -0.6791 0.9642 0.0, -0.6791 0.8067 0.0, -0.6004 0.8067 0.0, -0.6004 0.9642 0.0, -0.4823 0.9642 0.0, -0.4823 0.8067 0.0, -0.4035 0.8067 0.0, -0.4035 0.9642 0.0, -0.2854 0.9642 0.0, -0.2854 0.8067 0.0, -0.2067 0.8067 0.0, -0.2067 0.9642 0.0, -0.0886 0.9642 0.0, -0.0886 0.8067 0.0, 1.6417 0.7717 0.6556, 1.6417 0.787 0.6535, 1.6417 0.7575 0.6615, 1.6417 0.7453 0.6708, 1.6417 0.7359 0.6831, 1.6417 0.73 0.6973, 1.6417 -0.2169 0.752, 1.6417 0.728 0.752, 1.6417 0.728 0.7126, 1.4973 0.787 1.0472, 1.5009 -0.2169 1.0444, 1.5009 0.7689 1.0444, 1.43 -0.2169 1.0889, 1.4998 0.7717 1.0452, 1.4979 0.7792 1.0467, 1.5309 0.7359 1.0177, 1.5179 0.7453 1.0299, 1.5071 0.7575 1.0393, 1.5601 0.728 0.9852, 1.5577 0.728 0.9882, 1.5445 0.73 1.0035, 1.5601 -0.2169 0.9852, 1.6047 -0.2169 0.9142, 1.6047 0.728 0.9142, 1.6324 -0.2169 0.8352, 1.6324 0.728 0.8352, 1.2677 0.9642 1.126, 1.3509 -0.2169 1.1166, 1.2677 -0.2169 1.126, -1.2677 0.9642 1.126, -1.2677 -0.2169 1.126, -1.5601 -0.2169 0.9852, -1.6047 0.728 0.9142, -1.6047 -0.2169 0.9142, -1.6324 0.728 0.8352, -1.6324 -0.2169 0.8352, -1.6417 0.728 0.752, -1.6417 -0.2169 0.752, -1.5009 -0.2169 1.0444, -1.5009 0.7689 1.0444, -1.5046 0.7614 1.0414, -1.513 0.7502 1.0344, -1.5233 0.7408 1.025, -1.5348 0.7338 1.0138, -1.5465 0.7294 1.0013, -1.5577 0.728 0.9882, -1.5601 0.728 0.9852, -1.4973 0.787 1.0472, -1.4978 0.7803 1.0469, -1.4992 0.7739 1.0458, -1.43 -0.2169 1.0889, -1.3509 -0.2169 1.1166, -1.6417 0.728 0.7126, -1.6417 0.73 0.6973, -1.6417 0.7359 0.6831, -1.6417 0.7453 0.6708, -1.6417 0.7575 0.6615, -1.6417 0.7717 0.6556, -1.6417 0.787 0.6535, -1.7598 0.787 1.0472, -1.7598 0.787 0.6535, -1.7598 0.7739 1.0458, -1.7598 0.7294 1.0013, -1.7598 0.728 0.9882, -1.7598 0.728 0.7126, -1.7598 0.73 0.6973, -1.7598 0.7717 0.6556, -1.7598 0.7575 0.6615, -1.7598 0.7453 0.6708, -1.7598 0.7338 1.0138, -1.7598 0.7408 1.025, -1.7598 0.7502 1.0344, -1.7598 0.7359 0.6831, -1.7598 0.7614 1.0414, 1.7598 0.787 1.0472, 1.7598 0.728 0.9882, 1.7598 0.728 0.7126, 1.7598 0.787 0.6535, 1.7598 0.73 1.0035, 1.7598 0.7359 1.0177, 1.7598 0.7453 1.0299, 1.7598 0.7717 1.0452, 1.7598 0.7575 1.0393, 1.7598 0.7575 0.6615, 1.7598 0.73 0.6973, 1.7598 0.7453 0.6708, 1.7598 0.7359 0.6831, 1.7598 0.7717 0.6556, 1.0728 0.4917 0.0197, 0.9941 0.4917 0.0197, 0.7972 0.4917 0.0197, 0.2067 0.4917 0.0197, -0.9744 0.4917 0.0197, 0.0886 0.4917 0.0197, 0.0098 0.4917 0.0197, -1.1713 0.4917 0.0197, -1.0925 0.4917 0.0197, 0.6791 0.4917 0.0197, 0.6004 0.4917 0.0197, 0.4035 0.4917 0.0197, 0.2854 0.4917 0.0197, -0.187 0.4917 0.0197, 0.876 0.4917 0.0197, -0.3051 0.4917 0.0197, -0.3839 0.4917 0.0197, -0.1083 0.4917 0.0197, 0.4823 0.4917 0.0197, -0.5807 0.4917 0.0197, -0.6988 0.4917 0.0197, -0.7776 0.4917 0.0197, -0.502 0.4917 0.0197, -0.8957 0.4917 0.0197, 1.1713 0.9642 0.0197, 1.0925 0.9642 0.0197, 0.9744 0.9642 0.0197, 0.8957 0.9642 0.0197, 0.5807 0.9642 0.0197, 0.502 0.9642 0.0197, 0.6988 0.9642 0.0197, 0.7776 0.9642 0.0197, -0.6004 0.9642 0.0197, -0.6791 0.9642 0.0197, 0.187 0.9642 0.0197, 0.1083 0.9642 0.0197, 0.3051 0.9642 0.0197, -0.876 0.9642 0.0197, -0.7972 0.9642 0.0197, 0.3839 0.9642 0.0197, -0.2067 0.9642 0.0197, -0.2854 0.9642 0.0197, -1.0728 0.9642 0.0197, -0.9941 0.9642 0.0197, -0.0886 0.9642 0.0197, -0.0098 0.9642 0.0197, -0.4823 0.9642 0.0197, -0.4035 0.9642 0.0197
            ]
        }
        coordIndex [
            0,1,2,-1,2,1,3,-1,4,5,6,-1,6,5,7,-1,6,7,3,-1,3,7,8,-1,3,8,2,-1,4,1,5,-1,5,1,0,-1,5,0,9,-1,9,0,10,-1,9,10,8,-1,8,10,11,-1,8,11,2,-1,12,13,14,-1,14,13,15,-1,14,15,16,-1,17,18,19,-1,19,18,14,-1,19,14,20,-1,20,14,16,-1,21,22,23,-1,23,22,24,-1,25,26,21,-1,21,26,27,-1,28,29,30,-1,30,29,31,-1,32,33,34,-1,35,36,37,-1,37,36,38,-1,39,40,41,-1,42,43,44,-1,44,43,45,-1,44,45,46,-1,46,45,47,-1,38,48,37,-1,37,48,49,-1,37,49,50,-1,50,49,51,-1,50,51,52,-1,53,22,54,-1,54,22,21,-1,54,21,43,-1,43,21,27,-1,43,27,45,-1,55,56,57,-1,57,56,23,-1,53,58,22,-1,22,58,59,-1,22,59,60,-1,61,62,63,-1,63,62,64,-1,52,65,50,-1,50,65,66,-1,50,66,67,-1,68,69,33,-1,33,69,70,-1,33,70,34,-1,60,71,22,-1,22,71,72,-1,22,72,33,-1,33,72,73,-1,33,73,68,-1,74,75,42,-1,42,75,76,-1,42,76,43,-1,43,76,63,-1,43,63,77,-1,77,63,64,-1,77,64,78,-1,79,80,78,-1,81,82,24,-1,24,82,83,-1,24,83,84,-1,35,37,85,-1,85,37,86,-1,85,86,87,-1,34,88,32,-1,32,88,89,-1,32,89,90,-1,80,91,78,-1,78,91,92,-1,78,92,77,-1,66,93,67,-1,67,93,94,-1,67,94,95,-1,90,96,32,-1,32,96,97,-1,32,97,78,-1,78,97,98,-1,78,98,79,-1,95,99,67,-1,67,99,100,-1,67,100,24,-1,24,100,101,-1,24,101,81,-1,102,103,86,-1,86,103,104,-1,86,104,87,-1,87,104,30,-1,87,30,105,-1,105,30,31,-1,105,31,106,-1,107,108,106,-1,106,108,109,-1,106,109,105,-1,105,109,110,-1,111,112,110,-1,110,112,113,-1,110,113,105,-1,105,113,114,-1,41,115,39,-1,39,115,105,-1,39,105,116,-1,116,105,114,-1,116,114,117,-1,117,114,118,-1,84,119,24,-1,24,119,120,-1,24,120,23,-1,23,120,105,-1,23,105,57,-1,57,105,115,-1,121,122,123,-1,123,122,124,-1,125,126,127,-1,127,126,122,-1,127,122,128,-1,128,122,121,-1,129,130,128,-1,128,130,127,-1,129,123,124,-1,131,132,124,-1,124,132,130,-1,124,130,129,-1,133,134,135,-1,135,134,136,-1,127,130,125,-1,125,130,132,-1,125,132,136,-1,136,132,135,-1,134,133,126,-1,126,133,131,-1,126,131,122,-1,122,131,124,-1,131,133,132,-1,132,133,135,-1,125,136,126,-1,126,136,134,-1,123,137,138,-1,138,139,123,-1,123,139,140,-1,123,140,121,-1,140,141,121,-1,121,141,142,-1,121,142,143,-1,129,144,145,-1,145,146,129,-1,129,146,147,-1,129,147,123,-1,123,147,148,-1,123,148,149,-1,128,150,129,-1,129,150,151,-1,129,151,152,-1,152,153,129,-1,129,153,154,-1,129,154,144,-1,149,155,123,-1,123,155,156,-1,123,156,137,-1,157,158,128,-1,128,158,159,-1,128,159,150,-1,143,160,121,-1,121,160,161,-1,121,161,162,-1,163,164,128,-1,128,164,165,-1,128,165,157,-1,162,166,121,-1,121,166,167,-1,121,167,128,-1,128,167,168,-1,128,168,163,-1,169,170,171,-1,169,171,172,-1,172,171,173,-1,172,173,174,-1,174,173,175,-1,174,175,176,-1,176,175,177,-1,176,177,178,-1,178,177,179,-1,178,179,180,-1,180,179,181,-1,180,181,182,-1,182,181,183,-1,182,183,184,-1,184,183,185,-1,185,183,186,-1,185,186,187,-1,185,187,188,-1,188,187,189,-1,188,189,190,-1,190,189,191,-1,190,191,192,-1,192,191,193,-1,192,193,194,-1,194,193,195,-1,194,195,196,-1,196,195,197,-1,196,197,198,-1,198,197,199,-1,198,199,200,-1,201,202,203,-1,203,202,204,-1,205,206,207,-1,207,206,203,-1,204,208,203,-1,203,208,209,-1,203,209,207,-1,210,211,212,-1,213,214,215,-1,202,201,216,-1,216,201,212,-1,216,212,217,-1,217,212,211,-1,18,17,218,-1,218,17,219,-1,218,219,220,-1,221,222,223,-1,223,222,224,-1,225,226,227,-1,227,226,228,-1,229,230,231,-1,215,210,213,-1,213,210,212,-1,213,212,232,-1,232,212,233,-1,232,233,234,-1,234,233,235,-1,236,227,212,-1,212,227,228,-1,212,228,233,-1,237,238,239,-1,240,241,212,-1,231,236,229,-1,229,236,212,-1,229,212,242,-1,242,212,241,-1,242,241,243,-1,243,241,244,-1,220,245,218,-1,218,245,223,-1,218,223,212,-1,212,223,224,-1,212,224,246,-1,247,248,246,-1,246,248,249,-1,246,249,212,-1,212,249,250,-1,251,252,250,-1,250,252,253,-1,250,253,212,-1,212,253,254,-1,255,256,254,-1,254,256,257,-1,254,257,212,-1,212,257,258,-1,259,260,258,-1,258,260,261,-1,258,261,212,-1,212,261,237,-1,212,237,240,-1,240,237,239,-1,8,212,201,-1,22,33,199,-1,199,33,9,-1,262,9,263,-1,263,9,8,-1,263,8,203,-1,203,8,201,-1,262,264,9,-1,9,264,265,-1,9,265,199,-1,199,265,266,-1,199,266,267,-1,268,200,269,-1,269,200,199,-1,269,199,270,-1,270,199,267,-1,271,207,209,-1,272,273,274,-1,274,273,275,-1,274,275,276,-1,271,209,276,-1,277,278,272,-1,272,278,279,-1,272,279,273,-1,280,281,272,-1,272,281,282,-1,272,282,277,-1,272,283,280,-1,280,283,284,-1,280,284,285,-1,285,284,286,-1,285,286,287,-1,287,286,268,-1,287,268,269,-1,208,204,288,-1,276,209,274,-1,274,209,208,-1,274,208,289,-1,289,208,288,-1,289,288,290,-1,291,292,288,-1,288,292,290,-1,291,19,20,-1,293,294,295,-1,295,294,296,-1,295,296,297,-1,297,296,298,-1,297,298,299,-1,300,301,302,-1,302,303,300,-1,300,303,304,-1,300,304,305,-1,305,306,300,-1,300,306,307,-1,300,307,293,-1,293,307,308,-1,293,308,294,-1,15,309,16,-1,16,309,310,-1,301,300,311,-1,311,300,312,-1,311,312,310,-1,310,312,16,-1,16,312,313,-1,16,313,20,-1,20,313,292,-1,20,292,291,-1,67,24,5,-1,5,24,170,-1,18,218,14,-1,14,218,7,-1,169,299,170,-1,170,299,298,-1,170,298,314,-1,314,315,170,-1,170,315,316,-1,170,316,5,-1,5,316,317,-1,317,318,5,-1,5,318,319,-1,5,319,7,-1,7,319,320,-1,7,320,14,-1,181,179,24,-1,170,24,171,-1,171,24,173,-1,195,22,197,-1,197,22,199,-1,195,193,22,-1,22,193,191,-1,22,191,189,-1,179,177,24,-1,24,177,175,-1,24,175,173,-1,189,187,22,-1,22,187,186,-1,22,186,24,-1,24,186,183,-1,24,183,181,-1,168,292,313,-1,168,313,163,-1,163,313,312,-1,163,312,164,-1,164,312,300,-1,164,300,165,-1,165,300,293,-1,165,293,157,-1,157,293,295,-1,157,295,158,-1,158,295,297,-1,158,297,159,-1,159,297,299,-1,159,299,150,-1,169,151,299,-1,299,151,150,-1,167,290,168,-1,168,290,292,-1,151,169,172,-1,151,172,152,-1,152,172,174,-1,152,174,153,-1,153,174,176,-1,153,176,154,-1,154,176,178,-1,154,178,144,-1,144,178,180,-1,144,180,145,-1,145,180,182,-1,145,182,146,-1,146,182,184,-1,146,184,147,-1,141,268,286,-1,141,286,142,-1,142,286,284,-1,142,284,143,-1,143,284,283,-1,143,283,160,-1,160,283,272,-1,160,272,161,-1,161,272,274,-1,161,274,162,-1,162,274,289,-1,162,289,166,-1,166,289,290,-1,166,290,167,-1,185,148,184,-1,184,148,147,-1,140,200,141,-1,141,200,268,-1,148,185,188,-1,148,188,149,-1,149,188,190,-1,149,190,155,-1,155,190,192,-1,155,192,156,-1,156,192,194,-1,156,194,137,-1,137,194,196,-1,137,196,138,-1,138,196,198,-1,138,198,139,-1,139,198,200,-1,139,200,140,-1,13,12,321,-1,321,12,322,-1,323,321,324,-1,324,321,325,-1,325,321,326,-1,326,321,322,-1,326,322,327,-1,328,329,330,-1,331,332,333,-1,328,330,322,-1,322,330,334,-1,322,334,327,-1,331,333,324,-1,324,333,335,-1,324,335,323,-1,322,12,320,-1,320,12,14,-1,296,294,325,-1,325,294,308,-1,325,308,307,-1,296,325,298,-1,298,325,326,-1,298,326,314,-1,309,15,321,-1,321,15,13,-1,336,205,271,-1,271,205,207,-1,337,281,280,-1,280,285,337,-1,337,285,287,-1,337,287,338,-1,338,287,269,-1,338,269,270,-1,263,203,339,-1,339,203,206,-1,340,337,341,-1,341,337,342,-1,336,343,337,-1,337,343,344,-1,337,344,342,-1,345,346,347,-1,347,346,348,-1,345,349,346,-1,346,349,339,-1,346,339,338,-1,338,339,206,-1,338,206,337,-1,337,206,205,-1,337,205,336,-1,322,320,319,-1,322,319,328,-1,328,319,318,-1,328,318,329,-1,329,318,317,-1,329,317,330,-1,330,317,316,-1,330,316,334,-1,334,316,315,-1,334,315,327,-1,327,315,314,-1,327,314,326,-1,309,321,310,-1,310,321,323,-1,310,323,311,-1,311,323,301,-1,301,323,335,-1,301,335,302,-1,302,335,333,-1,302,333,303,-1,303,333,332,-1,303,332,304,-1,304,332,331,-1,304,331,305,-1,305,331,324,-1,305,324,306,-1,306,324,325,-1,306,325,307,-1,263,339,349,-1,263,349,262,-1,262,349,345,-1,262,345,264,-1,264,345,347,-1,264,347,265,-1,265,347,348,-1,265,348,266,-1,266,348,346,-1,266,346,267,-1,267,346,338,-1,267,338,270,-1,281,337,340,-1,281,340,282,-1,282,340,341,-1,282,341,277,-1,277,341,342,-1,277,342,278,-1,278,342,344,-1,278,344,279,-1,279,344,273,-1,273,344,343,-1,273,343,275,-1,275,343,276,-1,276,343,336,-1,276,336,271,-1,9,33,32,-1,32,350,9,-1,9,350,351,-1,9,351,5,-1,352,75,74,-1,353,56,55,-1,354,103,102,-1,355,356,5,-1,50,67,357,-1,357,67,5,-1,357,5,358,-1,359,360,5,-1,361,26,25,-1,55,355,353,-1,353,355,5,-1,353,5,362,-1,363,117,118,-1,62,61,351,-1,351,61,364,-1,351,364,5,-1,5,364,352,-1,5,352,359,-1,359,352,74,-1,365,366,5,-1,118,365,363,-1,363,365,5,-1,363,5,367,-1,367,5,356,-1,367,356,40,-1,40,356,41,-1,46,47,360,-1,360,47,368,-1,360,368,5,-1,5,368,361,-1,5,361,362,-1,362,361,25,-1,369,108,107,-1,370,371,5,-1,107,370,369,-1,369,370,5,-1,369,5,372,-1,372,5,366,-1,372,366,111,-1,111,366,112,-1,102,358,354,-1,354,358,5,-1,354,5,373,-1,373,5,371,-1,373,371,28,-1,28,371,29,-1,8,7,212,-1,212,7,218,-1,288,204,216,-1,216,204,202,-1,19,291,17,-1,17,291,219,-1,288,216,374,-1,374,216,217,-1,215,214,375,-1,375,214,376,-1,374,375,288,-1,288,375,376,-1,288,376,291,-1,291,376,377,-1,378,379,291,-1,380,226,225,-1,225,378,380,-1,380,378,291,-1,380,291,381,-1,381,291,377,-1,381,377,235,-1,235,377,234,-1,382,383,291,-1,384,385,291,-1,386,243,244,-1,387,291,388,-1,388,291,383,-1,388,383,247,-1,247,383,248,-1,244,384,386,-1,386,384,291,-1,386,291,389,-1,389,291,379,-1,389,379,230,-1,230,379,231,-1,390,391,291,-1,220,219,392,-1,392,219,291,-1,392,291,393,-1,393,291,387,-1,393,387,221,-1,221,387,222,-1,394,260,259,-1,259,390,394,-1,394,390,291,-1,394,291,395,-1,395,291,385,-1,395,385,238,-1,238,385,239,-1,396,252,251,-1,256,255,391,-1,391,255,397,-1,391,397,291,-1,291,397,396,-1,291,396,382,-1,382,396,251,-1,
        ]
    }
}
Shape{
    appearance Appearance {
        material  Material 	{
            diffuseColor 0.8274509803921568 0.6666666666666666 0.12941176470588237
            specularColor 0.8274509803921568 0.6666666666666666 0.12941176470588237
            ambientIntensity 0.6535
            transparency 0.0
            shininess 0.5
        }
    }
    geometry IndexedFaceSet {
        ccw TRUE
        solid FALSE
        coord DEF co Coordinate {
            point [
                1.1713 0.9642 0.0197, 1.1713 1.1217 0.0197, 1.0925 0.9642 0.0197, 1.0925 1.1217 0.0197, 1.0925 0.9642 0.0, 1.0925 1.1217 -0.0197, 1.0925 0.9163 -0.0197, 1.0925 0.8606 -0.0147, 1.0925 0.8067 0.0, 1.1713 1.1217 -0.0197, 1.1713 0.9642 0.0, 1.1713 0.8067 0.0, 1.1713 0.8606 -0.0147, 1.1713 0.9163 -0.0197, 0.9744 0.9642 0.0197, 0.9744 1.1217 0.0197, 0.8957 0.9642 0.0197, 0.8957 1.1217 0.0197, 0.8957 0.9642 0.0, 0.8957 1.1217 -0.0197, 0.8957 0.9163 -0.0197, 0.8957 0.8606 -0.0147, 0.8957 0.8067 0.0, 0.9744 1.1217 -0.0197, 0.9744 0.9642 0.0, 0.9744 0.8067 0.0, 0.9744 0.8606 -0.0147, 0.9744 0.9163 -0.0197, 0.7776 0.9642 0.0197, 0.7776 1.1217 0.0197, 0.6988 0.9642 0.0197, 0.6988 1.1217 0.0197, 0.6988 0.9642 0.0, 0.6988 1.1217 -0.0197, 0.6988 0.9163 -0.0197, 0.6988 0.8606 -0.0147, 0.6988 0.8067 0.0, 0.7776 1.1217 -0.0197, 0.7776 0.9642 0.0, 0.7776 0.8067 0.0, 0.7776 0.8606 -0.0147, 0.7776 0.9163 -0.0197, 0.5807 0.9642 0.0197, 0.5807 1.1217 0.0197, 0.502 0.9642 0.0197, 0.502 1.1217 0.0197, 0.502 0.9642 0.0, 0.502 1.1217 -0.0197, 0.502 0.9163 -0.0197, 0.502 0.8606 -0.0147, 0.502 0.8067 0.0, 0.5807 1.1217 -0.0197, 0.5807 0.9642 0.0, 0.5807 0.8067 0.0, 0.5807 0.8606 -0.0147, 0.5807 0.9163 -0.0197, 0.3839 0.9642 0.0197, 0.3839 1.1217 0.0197, 0.3051 0.9642 0.0197, 0.3051 1.1217 0.0197, 0.3051 0.9642 0.0, 0.3051 1.1217 -0.0197, 0.3051 0.9163 -0.0197, 0.3051 0.8606 -0.0147, 0.3051 0.8067 0.0, 0.3839 1.1217 -0.0197, 0.3839 0.9642 0.0, 0.3839 0.8067 0.0, 0.3839 0.8606 -0.0147, 0.3839 0.9163 -0.0197, 0.187 0.9642 0.0197, 0.187 1.1217 0.0197, 0.1083 0.9642 0.0197, 0.1083 1.1217 0.0197, 0.1083 0.9642 0.0, 0.1083 1.1217 -0.0197, 0.1083 0.9163 -0.0197, 0.1083 0.8606 -0.0147, 0.1083 0.8067 0.0, 0.187 1.1217 -0.0197, 0.187 0.9642 0.0, 0.187 0.8067 0.0, 0.187 0.8606 -0.0147, 0.187 0.9163 -0.0197, -0.0098 0.9642 0.0197, -0.0098 1.1217 0.0197, -0.0886 0.9642 0.0197, -0.0886 1.1217 0.0197, -0.0886 0.9642 0.0, -0.0886 1.1217 -0.0197, -0.0886 0.9163 -0.0197, -0.0886 0.8606 -0.0147, -0.0886 0.8067 0.0, -0.0098 1.1217 -0.0197, -0.0098 0.9642 0.0, -0.0098 0.8067 0.0, -0.0098 0.8606 -0.0147, -0.0098 0.9163 -0.0197, -0.2067 0.9642 0.0197, -0.2067 1.1217 0.0197, -0.2854 0.9642 0.0197, -0.2854 1.1217 0.0197, -0.2854 0.9642 0.0, -0.2854 1.1217 -0.0197, -0.2854 0.9163 -0.0197, -0.2854 0.8606 -0.0147, -0.2854 0.8067 0.0, -0.2067 1.1217 -0.0197, -0.2067 0.9642 0.0, -0.2067 0.8067 0.0, -0.2067 0.8606 -0.0147, -0.2067 0.9163 -0.0197, -0.4035 0.9642 0.0197, -0.4035 1.1217 0.0197, -0.4823 0.9642 0.0197, -0.4823 1.1217 0.0197, -0.4823 0.9642 0.0, -0.4823 1.1217 -0.0197, -0.4823 0.9163 -0.0197, -0.4823 0.8606 -0.0147, -0.4823 0.8067 0.0, -0.4035 1.1217 -0.0197, -0.4035 0.9642 0.0, -0.4035 0.8067 0.0, -0.4035 0.8606 -0.0147, -0.4035 0.9163 -0.0197, -0.6004 0.9642 0.0197, -0.6004 1.1217 0.0197, -0.6791 0.9642 0.0197, -0.6791 1.1217 0.0197, -0.6791 0.9642 0.0, -0.6791 1.1217 -0.0197, -0.6791 0.9163 -0.0197, -0.6791 0.8606 -0.0147, -0.6791 0.8067 0.0, -0.6004 1.1217 -0.0197, -0.6004 0.9642 0.0, -0.6004 0.8067 0.0, -0.6004 0.8606 -0.0147, -0.6004 0.9163 -0.0197, -0.7972 0.9642 0.0197, -0.7972 1.1217 0.0197, -0.876 0.9642 0.0197, -0.876 1.1217 0.0197, -0.876 0.9642 0.0, -0.876 1.1217 -0.0197, -0.876 0.9163 -0.0197, -0.876 0.8606 -0.0147, -0.876 0.8067 0.0, -0.7972 1.1217 -0.0197, -0.7972 0.9642 0.0, -0.7972 0.8067 0.0, -0.7972 0.8606 -0.0147, -0.7972 0.9163 -0.0197, -0.9941 0.9642 0.0197, -0.9941 1.1217 0.0197, -1.0728 0.9642 0.0197, -1.0728 1.1217 0.0197, -1.0728 0.9642 0.0, -1.0728 1.1217 -0.0197, -1.0728 0.9163 -0.0197, -1.0728 0.8606 -0.0147, -1.0728 0.8067 0.0, -0.9941 1.1217 -0.0197, -0.9941 0.9642 0.0, -0.9941 0.8067 0.0, -0.9941 0.8606 -0.0147, -0.9941 0.9163 -0.0197, -1.0925 0.4917 0.0197, -1.0925 0.6098 0.0197, -1.1713 0.4917 0.0197, -1.1713 0.6098 0.0197, -1.1713 0.4917 0.0, -1.1713 0.6098 -0.0197, -1.1713 0.4045 -0.0197, -1.1713 0.3488 -0.0147, -1.1713 0.2949 0.0, -1.0925 0.6098 -0.0197, -1.0925 0.4917 0.0, -1.0925 0.2949 0.0, -1.0925 0.3488 -0.0147, -1.0925 0.4045 -0.0197, -0.8957 0.4917 0.0197, -0.8957 0.6098 0.0197, -0.9744 0.4917 0.0197, -0.9744 0.6098 0.0197, -0.9744 0.4917 0.0, -0.9744 0.6098 -0.0197, -0.9744 0.4045 -0.0197, -0.9744 0.3488 -0.0147, -0.9744 0.2949 0.0, -0.8957 0.6098 -0.0197, -0.8957 0.4917 0.0, -0.8957 0.2949 0.0, -0.8957 0.3488 -0.0147, -0.8957 0.4045 -0.0197, -0.6988 0.4917 0.0197, -0.6988 0.6098 0.0197, -0.7776 0.4917 0.0197, -0.7776 0.6098 0.0197, -0.7776 0.4917 0.0, -0.7776 0.6098 -0.0197, -0.7776 0.4045 -0.0197, -0.7776 0.3488 -0.0147, -0.7776 0.2949 0.0, -0.6988 0.6098 -0.0197, -0.6988 0.4917 0.0, -0.6988 0.2949 0.0, -0.6988 0.3488 -0.0147, -0.6988 0.4045 -0.0197, -0.502 0.4917 0.0197, -0.502 0.6098 0.0197, -0.5807 0.4917 0.0197, -0.5807 0.6098 0.0197, -0.5807 0.4917 0.0, -0.5807 0.6098 -0.0197, -0.5807 0.4045 -0.0197, -0.5807 0.3488 -0.0147, -0.5807 0.2949 0.0, -0.502 0.6098 -0.0197, -0.502 0.4917 0.0, -0.502 0.2949 0.0, -0.502 0.3488 -0.0147, -0.502 0.4045 -0.0197, -0.3051 0.4917 0.0197, -0.3051 0.6098 0.0197, -0.3839 0.4917 0.0197, -0.3839 0.6098 0.0197, -0.3839 0.4917 0.0, -0.3839 0.6098 -0.0197, -0.3839 0.4045 -0.0197, -0.3839 0.3488 -0.0147, -0.3839 0.2949 0.0, -0.3051 0.6098 -0.0197, -0.3051 0.4917 0.0, -0.3051 0.2949 0.0, -0.3051 0.3488 -0.0147, -0.3051 0.4045 -0.0197, -0.1083 0.4917 0.0197, -0.1083 0.6098 0.0197, -0.187 0.4917 0.0197, -0.187 0.6098 0.0197, -0.187 0.4917 0.0, -0.187 0.6098 -0.0197, -0.187 0.4045 -0.0197, -0.187 0.3488 -0.0147, -0.187 0.2949 0.0, -0.1083 0.6098 -0.0197, -0.1083 0.4917 0.0, -0.1083 0.2949 0.0, -0.1083 0.3488 -0.0147, -0.1083 0.4045 -0.0197, 0.0886 0.4917 0.0197, 0.0886 0.6098 0.0197, 0.0098 0.4917 0.0197, 0.0098 0.6098 0.0197, 0.0098 0.4917 0.0, 0.0098 0.6098 -0.0197, 0.0098 0.4045 -0.0197, 0.0098 0.3488 -0.0147, 0.0098 0.2949 0.0, 0.0886 0.6098 -0.0197, 0.0886 0.4917 0.0, 0.0886 0.2949 0.0, 0.0886 0.3488 -0.0147, 0.0886 0.4045 -0.0197, 0.2854 0.4917 0.0197, 0.2854 0.6098 0.0197, 0.2067 0.4917 0.0197, 0.2067 0.6098 0.0197, 0.2067 0.4917 0.0, 0.2067 0.6098 -0.0197, 0.2067 0.4045 -0.0197, 0.2067 0.3488 -0.0147, 0.2067 0.2949 0.0, 0.2854 0.6098 -0.0197, 0.2854 0.4917 0.0, 0.2854 0.2949 0.0, 0.2854 0.3488 -0.0147, 0.2854 0.4045 -0.0197, 0.4823 0.4917 0.0197, 0.4823 0.6098 0.0197, 0.4035 0.4917 0.0197, 0.4035 0.6098 0.0197, 0.4035 0.4917 0.0, 0.4035 0.6098 -0.0197, 0.4035 0.4045 -0.0197, 0.4035 0.3488 -0.0147, 0.4035 0.2949 0.0, 0.4823 0.6098 -0.0197, 0.4823 0.4917 0.0, 0.4823 0.2949 0.0, 0.4823 0.3488 -0.0147, 0.4823 0.4045 -0.0197, 0.6791 0.4917 0.0197, 0.6791 0.6098 0.0197, 0.6004 0.4917 0.0197, 0.6004 0.6098 0.0197, 0.6004 0.4917 0.0, 0.6004 0.6098 -0.0197, 0.6004 0.4045 -0.0197, 0.6004 0.3488 -0.0147, 0.6004 0.2949 0.0, 0.6791 0.6098 -0.0197, 0.6791 0.4917 0.0, 0.6791 0.2949 0.0, 0.6791 0.3488 -0.0147, 0.6791 0.4045 -0.0197, 0.876 0.4917 0.0197, 0.876 0.6098 0.0197, 0.7972 0.4917 0.0197, 0.7972 0.6098 0.0197, 0.7972 0.4917 0.0, 0.7972 0.6098 -0.0197, 0.7972 0.4045 -0.0197, 0.7972 0.3488 -0.0147, 0.7972 0.2949 0.0, 0.876 0.6098 -0.0197, 0.876 0.4917 0.0, 0.876 0.2949 0.0, 0.876 0.3488 -0.0147, 0.876 0.4045 -0.0197, 1.0728 0.4917 0.0197, 1.0728 0.6098 0.0197, 0.9941 0.4917 0.0197, 0.9941 0.6098 0.0197, 0.9941 0.4917 0.0, 0.9941 0.6098 -0.0197, 0.9941 0.4045 -0.0197, 0.9941 0.3488 -0.0147, 0.9941 0.2949 0.0, 1.0728 0.6098 -0.0197, 1.0728 0.4917 0.0, 1.0728 0.2949 0.0, 1.0728 0.3488 -0.0147, 1.0728 0.4045 -0.0197
            ]
        }
        coordIndex [
            0,1,2,-1,2,1,3,-1,2,3,4,-1,4,3,5,-1,5,6,4,-1,4,6,7,-1,4,7,8,-1,1,0,9,-1,9,0,10,-1,11,12,10,-1,10,12,13,-1,10,13,9,-1,3,1,5,-1,5,1,9,-1,6,5,13,-1,13,5,9,-1,6,13,12,-1,6,12,7,-1,7,12,11,-1,7,11,8,-1,14,15,16,-1,16,15,17,-1,16,17,18,-1,18,17,19,-1,19,20,18,-1,18,20,21,-1,18,21,22,-1,15,14,23,-1,23,14,24,-1,25,26,24,-1,24,26,27,-1,24,27,23,-1,17,15,19,-1,19,15,23,-1,20,19,27,-1,27,19,23,-1,28,29,30,-1,30,29,31,-1,30,31,32,-1,32,31,33,-1,33,34,32,-1,32,34,35,-1,32,35,36,-1,29,28,37,-1,37,28,38,-1,39,40,38,-1,38,40,41,-1,38,41,37,-1,31,29,33,-1,33,29,37,-1,34,33,41,-1,41,33,37,-1,42,43,44,-1,44,43,45,-1,44,45,46,-1,46,45,47,-1,47,48,46,-1,46,48,49,-1,46,49,50,-1,43,42,51,-1,51,42,52,-1,53,54,52,-1,52,54,55,-1,52,55,51,-1,45,43,47,-1,47,43,51,-1,48,47,55,-1,55,47,51,-1,56,57,58,-1,58,57,59,-1,58,59,60,-1,60,59,61,-1,61,62,60,-1,60,62,63,-1,60,63,64,-1,57,56,65,-1,65,56,66,-1,67,68,66,-1,66,68,69,-1,66,69,65,-1,59,57,61,-1,61,57,65,-1,62,61,69,-1,69,61,65,-1,70,71,72,-1,72,71,73,-1,72,73,74,-1,74,73,75,-1,75,76,74,-1,74,76,77,-1,74,77,78,-1,71,70,79,-1,79,70,80,-1,81,82,80,-1,80,82,83,-1,80,83,79,-1,73,71,75,-1,75,71,79,-1,76,75,83,-1,83,75,79,-1,84,85,86,-1,86,85,87,-1,86,87,88,-1,88,87,89,-1,89,90,88,-1,88,90,91,-1,88,91,92,-1,85,84,93,-1,93,84,94,-1,95,96,94,-1,94,96,97,-1,94,97,93,-1,87,85,89,-1,89,85,93,-1,90,89,97,-1,97,89,93,-1,98,99,100,-1,100,99,101,-1,100,101,102,-1,102,101,103,-1,103,104,102,-1,102,104,105,-1,102,105,106,-1,99,98,107,-1,107,98,108,-1,109,110,108,-1,108,110,111,-1,108,111,107,-1,101,99,103,-1,103,99,107,-1,104,103,111,-1,111,103,107,-1,112,113,114,-1,114,113,115,-1,114,115,116,-1,116,115,117,-1,117,118,116,-1,116,118,119,-1,116,119,120,-1,113,112,121,-1,121,112,122,-1,123,124,122,-1,122,124,125,-1,122,125,121,-1,115,113,117,-1,117,113,121,-1,118,117,125,-1,125,117,121,-1,126,127,128,-1,128,127,129,-1,128,129,130,-1,130,129,131,-1,131,132,130,-1,130,132,133,-1,130,133,134,-1,127,126,135,-1,135,126,136,-1,137,138,136,-1,136,138,139,-1,136,139,135,-1,129,127,131,-1,131,127,135,-1,132,131,139,-1,139,131,135,-1,140,141,142,-1,142,141,143,-1,142,143,144,-1,144,143,145,-1,145,146,144,-1,144,146,147,-1,144,147,148,-1,141,140,149,-1,149,140,150,-1,151,152,150,-1,150,152,153,-1,150,153,149,-1,143,141,145,-1,145,141,149,-1,146,145,153,-1,153,145,149,-1,154,155,156,-1,156,155,157,-1,156,157,158,-1,158,157,159,-1,159,160,158,-1,158,160,161,-1,158,161,162,-1,155,154,163,-1,163,154,164,-1,165,166,164,-1,164,166,167,-1,164,167,163,-1,157,155,159,-1,159,155,163,-1,160,159,167,-1,167,159,163,-1,20,27,26,-1,20,26,21,-1,21,26,25,-1,21,25,22,-1,34,41,40,-1,34,40,35,-1,35,40,39,-1,35,39,36,-1,48,55,54,-1,48,54,49,-1,49,54,53,-1,49,53,50,-1,62,69,68,-1,62,68,63,-1,63,68,67,-1,63,67,64,-1,76,83,82,-1,76,82,77,-1,77,82,81,-1,77,81,78,-1,90,97,96,-1,90,96,91,-1,91,96,95,-1,91,95,92,-1,104,111,110,-1,104,110,105,-1,105,110,109,-1,105,109,106,-1,118,125,124,-1,118,124,119,-1,119,124,123,-1,119,123,120,-1,132,139,138,-1,132,138,133,-1,133,138,137,-1,133,137,134,-1,146,153,152,-1,146,152,147,-1,147,152,151,-1,147,151,148,-1,160,167,166,-1,160,166,161,-1,161,166,165,-1,161,165,162,-1,168,169,170,-1,170,169,171,-1,170,171,172,-1,172,171,173,-1,173,174,172,-1,172,174,175,-1,172,175,176,-1,169,168,177,-1,177,168,178,-1,179,180,178,-1,178,180,181,-1,178,181,177,-1,171,169,173,-1,173,169,177,-1,174,173,181,-1,181,173,177,-1,174,181,180,-1,174,180,175,-1,175,180,179,-1,175,179,176,-1,182,183,184,-1,184,183,185,-1,184,185,186,-1,186,185,187,-1,187,188,186,-1,186,188,189,-1,186,189,190,-1,183,182,191,-1,191,182,192,-1,193,194,192,-1,192,194,195,-1,192,195,191,-1,185,183,187,-1,187,183,191,-1,188,187,195,-1,195,187,191,-1,196,197,198,-1,198,197,199,-1,198,199,200,-1,200,199,201,-1,201,202,200,-1,200,202,203,-1,200,203,204,-1,197,196,205,-1,205,196,206,-1,207,208,206,-1,206,208,209,-1,206,209,205,-1,199,197,201,-1,201,197,205,-1,202,201,209,-1,209,201,205,-1,210,211,212,-1,212,211,213,-1,212,213,214,-1,214,213,215,-1,215,216,214,-1,214,216,217,-1,214,217,218,-1,211,210,219,-1,219,210,220,-1,221,222,220,-1,220,222,223,-1,220,223,219,-1,213,211,215,-1,215,211,219,-1,216,215,223,-1,223,215,219,-1,224,225,226,-1,226,225,227,-1,226,227,228,-1,228,227,229,-1,229,230,228,-1,228,230,231,-1,228,231,232,-1,225,224,233,-1,233,224,234,-1,235,236,234,-1,234,236,237,-1,234,237,233,-1,227,225,229,-1,229,225,233,-1,230,229,237,-1,237,229,233,-1,238,239,240,-1,240,239,241,-1,240,241,242,-1,242,241,243,-1,243,244,242,-1,242,244,245,-1,242,245,246,-1,239,238,247,-1,247,238,248,-1,249,250,248,-1,248,250,251,-1,248,251,247,-1,241,239,243,-1,243,239,247,-1,244,243,251,-1,251,243,247,-1,252,253,254,-1,254,253,255,-1,254,255,256,-1,256,255,257,-1,257,258,256,-1,256,258,259,-1,256,259,260,-1,253,252,261,-1,261,252,262,-1,263,264,262,-1,262,264,265,-1,262,265,261,-1,255,253,257,-1,257,253,261,-1,258,257,265,-1,265,257,261,-1,266,267,268,-1,268,267,269,-1,268,269,270,-1,270,269,271,-1,271,272,270,-1,270,272,273,-1,270,273,274,-1,267,266,275,-1,275,266,276,-1,277,278,276,-1,276,278,279,-1,276,279,275,-1,269,267,271,-1,271,267,275,-1,272,271,279,-1,279,271,275,-1,280,281,282,-1,282,281,283,-1,282,283,284,-1,284,283,285,-1,285,286,284,-1,284,286,287,-1,284,287,288,-1,281,280,289,-1,289,280,290,-1,291,292,290,-1,290,292,293,-1,290,293,289,-1,283,281,285,-1,285,281,289,-1,286,285,293,-1,293,285,289,-1,294,295,296,-1,296,295,297,-1,296,297,298,-1,298,297,299,-1,299,300,298,-1,298,300,301,-1,298,301,302,-1,295,294,303,-1,303,294,304,-1,305,306,304,-1,304,306,307,-1,304,307,303,-1,297,295,299,-1,299,295,303,-1,300,299,307,-1,307,299,303,-1,308,309,310,-1,310,309,311,-1,310,311,312,-1,312,311,313,-1,313,314,312,-1,312,314,315,-1,312,315,316,-1,309,308,317,-1,317,308,318,-1,319,320,318,-1,318,320,321,-1,318,321,317,-1,311,309,313,-1,313,309,317,-1,314,313,321,-1,321,313,317,-1,322,323,324,-1,324,323,325,-1,324,325,326,-1,326,325,327,-1,327,328,326,-1,326,328,329,-1,326,329,330,-1,323,322,331,-1,331,322,332,-1,333,334,332,-1,332,334,335,-1,332,335,331,-1,325,323,327,-1,327,323,331,-1,328,327,335,-1,335,327,331,-1,188,195,194,-1,188,194,189,-1,189,194,193,-1,189,193,190,-1,202,209,208,-1,202,208,203,-1,203,208,207,-1,203,207,204,-1,216,223,222,-1,216,222,217,-1,217,222,221,-1,217,221,218,-1,230,237,236,-1,230,236,231,-1,231,236,235,-1,231,235,232,-1,244,251,250,-1,244,250,245,-1,245,250,249,-1,245,249,246,-1,258,265,264,-1,258,264,259,-1,259,264,263,-1,259,263,260,-1,272,279,278,-1,272,278,273,-1,273,278,277,-1,273,277,274,-1,286,293,292,-1,286,292,287,-1,287,292,291,-1,287,291,288,-1,300,307,306,-1,300,306,301,-1,301,306,305,-1,301,305,302,-1,314,321,320,-1,314,320,315,-1,315,320,319,-1,315,319,316,-1,328,335,334,-1,328,334,329,-1,329,334,333,-1,329,333,330,-1,
        ]
    }
}
Shape{
    appearance Appearance {
        material  Material 	{
            diffuseColor 0.6666666666666666 0.6666666666666666 0.6666666666666666
            specularColor 0.4666666666666667 0.4666666666666667 0.4666666666666667
            ambientIntensity 0.6667
            transparency 0.0
            shininess 0.5
        }
    }
    geometry IndexedFaceSet {
        ccw TRUE
        solid FALSE
        coord DEF co Coordinate {
            point [
                -1.4665 0.6098 -0.2362, -1.5059 0.6098 -0.2362, -1.4272 0.6098 -0.0893, -1.5453 0.6098 -0.0893, -1.4272 0.6098 0.1181, -1.5453 0.6098 0.1181, -1.5453 0.5705 -0.0893, -1.5453 0.5705 0.1181, -1.4272 0.5705 0.1181, -1.4272 0.5705 -0.0893, -1.4665 0.5705 -0.2362, -1.5059 0.5705 -0.2362, 1.5059 0.6098 -0.2362, 1.4665 0.6098 -0.2362, 1.5453 0.6098 -0.0893, 1.4272 0.6098 -0.0893, 1.5453 0.6098 0.1181, 1.4272 0.6098 0.1181, 1.5453 0.5705 0.1181, 1.5453 0.5705 -0.0893, 1.4272 0.5705 0.1181, 1.4272 0.5705 -0.0893, 1.5059 0.5705 -0.2362, 1.4665 0.5705 -0.2362
            ]
        }
        coordIndex [
            0,1,2,-1,2,1,3,-1,2,3,4,-1,4,3,5,-1,6,7,3,-1,3,7,5,-1,8,7,9,-1,9,7,6,-1,9,6,10,-1,10,6,11,-1,2,4,9,-1,9,4,8,-1,10,11,0,-1,0,11,1,-1,0,2,10,-1,10,2,9,-1,11,6,1,-1,1,6,3,-1,12,13,14,-1,14,13,15,-1,14,15,16,-1,16,15,17,-1,18,19,16,-1,16,19,14,-1,18,20,19,-1,19,20,21,-1,19,21,22,-1,22,21,23,-1,17,15,20,-1,20,15,21,-1,15,13,21,-1,21,13,23,-1,22,23,12,-1,12,23,13,-1,19,22,14,-1,14,22,12,-1,
        ]
    }
}
Shape{
    appearance Appearance {
        material  Material 	{
            diffuseColor 0.20784313725490197 0.20784313725490197 0.20784313725490197
            specularColor 0.01568627450980392 0.01568627450980392 0.01568627450980392
            ambientIntensity 0.298
            transparency 0.0
            shininess 0.5
        }
    }
    geometry IndexedFaceSet {
        ccw TRUE
        solid FALSE
        coord DEF co Coordinate {
            point [
                -1.3386 0.1768 0.0, -1.3182 0.1795 -0.1968, -1.3182 0.1795 0.0, -1.2992 0.1873 -0.1968, -1.2992 0.1873 0.0, -1.2829 0.1998 -0.1968, -1.2829 0.1998 0.0, -1.2704 0.2161 -0.1968, -1.2704 0.2161 0.0, -1.2625 0.2351 -0.1968, -1.2625 0.2351 0.0, -1.2598 0.2555 -0.1968, -1.2598 0.2555 0.0, -1.2625 0.2759 -0.1968, -1.2625 0.2759 0.0, -1.2704 0.2949 -0.1968, -1.2704 0.2949 0.0, -1.2829 0.3112 -0.1968, -1.2829 0.3112 0.0, -1.2992 0.3237 -0.1968, -1.2992 0.3237 0.0, -1.3182 0.3316 -0.1968, -1.3182 0.3316 0.0, -1.3386 0.3343 -0.1968, -1.3386 0.3343 0.0, -1.359 0.3316 -0.1968, -1.359 0.3316 0.0, -1.378 0.3237 -0.1968, -1.378 0.3237 0.0, -1.3943 0.3112 -0.1968, -1.3943 0.3112 0.0, -1.4068 0.2949 -0.1968, -1.4068 0.2949 0.0, -1.4146 0.2759 -0.1968, -1.4146 0.2759 0.0, -1.4173 0.2555 -0.1968, -1.4173 0.2555 0.0, -1.4146 0.2351 -0.1968, -1.4146 0.2351 0.0, -1.4068 0.2161 -0.1968, -1.4068 0.2161 0.0, -1.3943 0.1998 -0.1968, -1.3943 0.1998 0.0, -1.378 0.1873 -0.1968, -1.378 0.1873 0.0, -1.359 0.1795 -0.1968, -1.359 0.1795 0.0, -1.3386 0.1768 -0.1968, -1.3681 0.3067 -0.2165, -1.3539 0.3126 -0.2165, -1.3386 0.2555 -0.2165, -1.3386 0.3146 -0.2165, -1.3233 0.3126 -0.2165, -1.3956 0.2708 -0.2165, -1.3897 0.285 -0.2165, -1.3803 0.2973 -0.2165, -1.3897 0.226 -0.2165, -1.3956 0.2402 -0.2165, -1.3976 0.2555 -0.2165, -1.3539 0.1985 -0.2165, -1.3681 0.2044 -0.2165, -1.3803 0.2138 -0.2165, -1.3091 0.2044 -0.2165, -1.3233 0.1985 -0.2165, -1.3386 0.1965 -0.2165, -1.2815 0.2402 -0.2165, -1.2874 0.226 -0.2165, -1.2968 0.2138 -0.2165, -1.2874 0.285 -0.2165, -1.2815 0.2708 -0.2165, -1.2795 0.2555 -0.2165, -1.3091 0.3067 -0.2165, -1.2968 0.2973 -0.2165, 1.3386 0.1768 0.0, 1.359 0.1795 -0.1968, 1.359 0.1795 0.0, 1.378 0.1873 -0.1968, 1.378 0.1873 0.0, 1.3943 0.1998 -0.1968, 1.3943 0.1998 0.0, 1.4068 0.2161 -0.1968, 1.4068 0.2161 0.0, 1.4146 0.2351 -0.1968, 1.4146 0.2351 0.0, 1.4173 0.2555 -0.1968, 1.4173 0.2555 0.0, 1.4146 0.2759 -0.1968, 1.4146 0.2759 0.0, 1.4068 0.2949 -0.1968, 1.4068 0.2949 0.0, 1.3943 0.3112 -0.1968, 1.3943 0.3112 0.0, 1.378 0.3237 -0.1968, 1.378 0.3237 0.0, 1.359 0.3316 -0.1968, 1.359 0.3316 0.0, 1.3386 0.3343 -0.1968, 1.3386 0.3343 0.0, 1.3182 0.3316 -0.1968, 1.3182 0.3316 0.0, 1.2992 0.3237 -0.1968, 1.2992 0.3237 0.0, 1.2829 0.3112 -0.1968, 1.2829 0.3112 0.0, 1.2704 0.2949 -0.1968, 1.2704 0.2949 0.0, 1.2625 0.2759 -0.1968, 1.2625 0.2759 0.0, 1.2598 0.2555 -0.1968, 1.2598 0.2555 0.0, 1.2625 0.2351 -0.1968, 1.2625 0.2351 0.0, 1.2704 0.2161 -0.1968, 1.2704 0.2161 0.0, 1.2829 0.1998 -0.1968, 1.2829 0.1998 0.0, 1.2992 0.1873 -0.1968, 1.2992 0.1873 0.0, 1.3182 0.1795 -0.1968, 1.3182 0.1795 0.0, 1.3386 0.1768 -0.1968, 1.3091 0.3067 -0.2165, 1.3233 0.3126 -0.2165, 1.3386 0.2555 -0.2165, 1.3386 0.3146 -0.2165, 1.3539 0.3126 -0.2165, 1.2815 0.2708 -0.2165, 1.2874 0.285 -0.2165, 1.2968 0.2973 -0.2165, 1.2874 0.226 -0.2165, 1.2815 0.2402 -0.2165, 1.2795 0.2555 -0.2165, 1.3233 0.1985 -0.2165, 1.3091 0.2044 -0.2165, 1.2968 0.2138 -0.2165, 1.3681 0.2044 -0.2165, 1.3539 0.1985 -0.2165, 1.3386 0.1965 -0.2165, 1.3956 0.2402 -0.2165, 1.3897 0.226 -0.2165, 1.3803 0.2138 -0.2165, 1.3897 0.285 -0.2165, 1.3956 0.2708 -0.2165, 1.3976 0.2555 -0.2165, 1.3681 0.3067 -0.2165, 1.3803 0.2973 -0.2165
            ]
        }
        coordIndex [
            0,1,2,-1,2,1,3,-1,2,3,4,-1,4,3,5,-1,4,5,6,-1,6,5,7,-1,6,7,8,-1,8,7,9,-1,8,9,10,-1,10,9,11,-1,10,11,12,-1,12,11,13,-1,12,13,14,-1,14,13,15,-1,14,15,16,-1,16,15,17,-1,16,17,18,-1,18,17,19,-1,18,19,20,-1,20,19,21,-1,20,21,22,-1,22,21,23,-1,22,23,24,-1,24,23,25,-1,24,25,26,-1,26,25,27,-1,26,27,28,-1,28,27,29,-1,28,29,30,-1,30,29,31,-1,30,31,32,-1,32,31,33,-1,32,33,34,-1,34,33,35,-1,34,35,36,-1,36,35,37,-1,36,37,38,-1,38,37,39,-1,38,39,40,-1,40,39,41,-1,40,41,42,-1,42,41,43,-1,42,43,44,-1,44,43,45,-1,44,45,46,-1,46,45,47,-1,46,47,0,-1,0,47,1,-1,48,49,50,-1,50,49,51,-1,50,51,52,-1,53,54,50,-1,50,54,55,-1,50,55,48,-1,56,57,50,-1,50,57,58,-1,50,58,53,-1,59,60,50,-1,50,60,61,-1,50,61,56,-1,62,63,50,-1,50,63,64,-1,50,64,59,-1,65,66,50,-1,50,66,67,-1,50,67,62,-1,68,69,50,-1,50,69,70,-1,50,70,65,-1,52,71,50,-1,50,71,72,-1,50,72,68,-1,47,63,1,-1,1,63,62,-1,1,62,3,-1,3,62,67,-1,3,67,5,-1,5,67,66,-1,5,66,7,-1,7,66,65,-1,7,65,9,-1,9,65,70,-1,9,70,11,-1,11,70,69,-1,11,69,13,-1,13,69,68,-1,13,68,15,-1,15,68,72,-1,15,72,17,-1,17,72,71,-1,17,71,19,-1,19,71,52,-1,19,52,21,-1,21,52,51,-1,21,51,23,-1,23,51,49,-1,23,49,25,-1,25,49,48,-1,25,48,27,-1,27,48,55,-1,27,55,29,-1,29,55,54,-1,29,54,31,-1,31,54,53,-1,31,53,33,-1,33,53,58,-1,33,58,35,-1,35,58,57,-1,35,57,37,-1,37,57,56,-1,37,56,39,-1,39,56,61,-1,39,61,41,-1,41,61,60,-1,41,60,43,-1,43,60,59,-1,43,59,45,-1,45,59,64,-1,45,64,47,-1,47,64,63,-1,73,74,75,-1,75,74,76,-1,75,76,77,-1,77,76,78,-1,77,78,79,-1,79,78,80,-1,79,80,81,-1,81,80,82,-1,81,82,83,-1,83,82,84,-1,83,84,85,-1,85,84,86,-1,85,86,87,-1,87,86,88,-1,87,88,89,-1,89,88,90,-1,89,90,91,-1,91,90,92,-1,91,92,93,-1,93,92,94,-1,93,94,95,-1,95,94,96,-1,95,96,97,-1,97,96,98,-1,97,98,99,-1,99,98,100,-1,99,100,101,-1,101,100,102,-1,101,102,103,-1,103,102,104,-1,103,104,105,-1,105,104,106,-1,105,106,107,-1,107,106,108,-1,107,108,109,-1,109,108,110,-1,109,110,111,-1,111,110,112,-1,111,112,113,-1,113,112,114,-1,113,114,115,-1,115,114,116,-1,115,116,117,-1,117,116,118,-1,117,118,119,-1,119,118,120,-1,119,120,73,-1,73,120,74,-1,121,122,123,-1,123,122,124,-1,123,124,125,-1,126,127,123,-1,123,127,128,-1,123,128,121,-1,129,130,123,-1,123,130,131,-1,123,131,126,-1,132,133,123,-1,123,133,134,-1,123,134,129,-1,135,136,123,-1,123,136,137,-1,123,137,132,-1,138,139,123,-1,123,139,140,-1,123,140,135,-1,141,142,123,-1,123,142,143,-1,123,143,138,-1,125,144,123,-1,123,144,145,-1,123,145,141,-1,120,136,74,-1,74,136,135,-1,74,135,76,-1,76,135,140,-1,76,140,78,-1,78,140,139,-1,78,139,80,-1,80,139,138,-1,80,138,82,-1,82,138,143,-1,82,143,84,-1,84,143,142,-1,84,142,86,-1,86,142,141,-1,86,141,88,-1,88,141,145,-1,88,145,90,-1,90,145,144,-1,90,144,92,-1,92,144,125,-1,92,125,94,-1,94,125,124,-1,94,124,96,-1,96,124,122,-1,96,122,98,-1,98,122,121,-1,98,121,100,-1,100,121,128,-1,100,128,102,-1,102,128,127,-1,102,127,104,-1,104,127,126,-1,104,126,106,-1,106,126,131,-1,106,131,108,-1,108,131,130,-1,108,130,110,-1,110,130,129,-1,110,129,112,-1,112,129,134,-1,112,134,114,-1,114,134,133,-1,114,133,116,-1,116,133,132,-1,116,132,118,-1,118,132,137,-1,118,137,120,-1,120,137,136,-1,
        ]
    }
}
Shape{
    appearance Appearance {
        material  Material 	{
            diffuseColor 0.6666666666666666 0.6666666666666666 0.6666666666666666
            specularColor 0.4666666666666667 0.4666666666666667 0.4666666666666667
            ambientIntensity 0.6667
            transparency 0.0
            shininess 0.5
        }
    }
    geometry IndexedFaceSet {
        ccw TRUE
        solid FALSE
        coord DEF co Coordinate {
            point [
                -1.2677 -2.0673 1.2441, -0.7834 -2.0673 1.2441, -0.7834 0.3054 1.2441, 0.8073 0.4967 1.2441, 0.8504 0.4967 1.2441, 0.8504 0.5355 1.2441, 0.6615 0.3597 1.2441, 0.6581 0.3594 1.2441, 0.6911 0.3594 1.2441, 0.71 0.5921 1.2441, 0.71 0.5765 1.2441, 0.7228 0.5355 1.2441, 0.6911 0.5355 1.2441, 0.7069 0.6971 1.2441, 0.7228 0.7139 1.2441, 0.7069 0.7127 1.2441, 0.6911 0.7139 1.2441, 0.6911 0.7127 1.2441, 0.6543 0.6379 1.2441, 0.6543 0.5921 1.2441, 0.6911 0.6379 1.2441, 0.6911 0.5921 1.2441, 0.703 0.6379 1.2441, 0.703 0.6535 1.2441, 0.6543 0.6971 1.2441, 0.6543 0.6535 1.2441, 0.6911 0.6971 1.2441, 0.6911 0.6535 1.2441, 0.6367 0.7127 1.2441, 0.6289 0.7139 1.2441, 0.6367 0.5765 1.2441, 0.8736 0.5765 1.2441, 0.8541 0.5765 1.2441, 0.8867 0.6138 1.2441, 0.8934 0.5355 1.2441, 0.9767 0.5765 1.2441, 0.9573 0.5765 1.2441, 0.8934 0.6138 1.2441, 0.9434 0.6138 1.2441, 0.9248 0.7127 1.2441, 1.2677 0.5355 1.2441, 1.2677 0.7139 1.2441, 0.8934 0.7139 1.2441, 0.906 0.7127 1.2441, 0.8934 0.6796 1.2441, 0.6095 0.7094 1.2441, 0.5954 0.7136 1.2441, 0.5916 0.7139 1.2441, 0.6911 0.5765 1.2441, 0.6289 0.5355 1.2441, 0.6095 0.6911 1.2441, 0.5327 0.6135 1.2441, 0.5393 0.6042 1.2441, 0.5419 0.6017 1.2441, 0.5508 0.5954 1.2441, 0.5808 0.5902 1.2441, 0.5962 0.593 1.2441, 0.6095 0.599 1.2441, 0.6095 0.5822 1.2441, 0.6072 0.581 1.2441, 0.5488 0.5777 1.2441, 0.536 0.5837 1.2441, 0.5136 0.5355 1.2441, 0.525 0.5928 1.2441, 0.5228 0.5952 1.2441, 0.5605 0.5916 1.2441, 0.5743 0.5899 1.2441, 0.5942 0.6971 1.2441, 0.5386 0.6821 1.2441, 0.608 0.6919 1.2441, 0.5322 0.6724 1.2441, 0.5278 0.6603 1.2441, 0.5774 0.6991 1.2441, 0.5722 0.6989 1.2441, 0.5403 0.684 1.2441, 0.5603 0.6967 1.2441, 0.5496 0.6917 1.2441, 0.526 0.6431 1.2441, 0.5261 0.6381 1.2441, 0.5283 0.6244 1.2441, 0.5925 0.5762 1.2441, 0.5718 0.5742 1.2441, 0.5636 0.5746 1.2441, 0.5777 0.715 1.2441, 0.6289 0.8567 1.2441, 0.5772 0.715 1.2441, 0.5136 0.8567 1.2441, 0.5679 0.7139 1.2441, 0.5136 0.7139 1.2441, 0.5173 0.6821 1.2441, 0.5272 0.695 1.2441, 0.5304 0.698 1.2441, 0.5431 0.707 1.2441, 0.5573 0.7126 1.2441, 0.515 0.6071 1.2441, 0.5136 0.611 1.2441, 0.5055 0.5355 1.2441, 0.5055 0.7139 1.2441, 0.5108 0.6669 1.2441, 0.5136 0.6734 1.2441, 0.5097 0.6217 1.2441, 0.5075 0.6421 1.2441, 0.5078 0.6491 1.2441, 0.8462 0.6378 1.2441, 0.8429 0.6218 1.2441, 0.7981 0.7139 1.2441, 0.7981 0.7094 1.2441, 0.8504 0.7139 1.2441, 0.8118 0.7044 1.2441, 0.8392 0.6783 1.2441, 0.8442 0.6654 1.2441, 0.8466 0.6464 1.2441, 0.8362 0.6077 1.2441, 0.826 0.5956 1.2441, 0.8236 0.5935 1.2441, 0.826 0.6947 1.2441, 0.8307 0.6902 1.2441, 0.8103 0.5846 1.2441, 0.7981 0.5802 1.2441, 0.7981 0.5355 1.2441, 0.7944 0.5789 1.2441, 0.7732 0.5765 1.2441, 0.7357 0.5765 1.2441, 0.7357 0.7127 1.2441, 0.7746 0.7127 1.2441, 0.7953 0.7104 1.2441, 0.5232 0.402 1.2441, 0.5266 0.4069 1.2441, 0.5292 0.4344 1.2441, 0.5808 0.3755 1.2441, 0.5804 0.3755 1.2441, 0.5808 0.3605 1.2441, 0.5764 0.3698 1.2441, 0.5331 0.3622 1.2441, 0.5136 0.3594 1.2441, 0.5395 0.3596 1.2441, 0.5411 0.3594 1.2441, 0.5224 0.3734 1.2441, 0.5204 0.3793 1.2441, 0.5197 0.3865 1.2441, 0.58 0.4569 1.2441, 0.6238 0.4432 1.2441, 0.627 0.4478 1.2441, 0.5318 0.4114 1.2441, 0.5391 0.4151 1.2441, 0.5411 0.4418 1.2441, 0.552 0.4183 1.2441, 0.5518 0.4453 1.2441, 0.5708 0.3645 1.2441, 0.5668 0.362 1.2441, 0.56 0.3594 1.2441, 0.5281 0.3659 1.2441, 0.5255 0.3686 1.2441, 0.5198 0.3886 1.2441, 0.5208 0.3959 1.2441, 0.5452 0.4578 1.2441, 0.5627 0.46 1.2441, 0.5728 0.4591 1.2441, 0.5808 0.4223 1.2441, 0.5803 0.4292 1.2441, 0.5786 0.4355 1.2441, 0.5292 0.4509 1.2441, 0.5326 0.4529 1.2441, 0.5857 0.4537 1.2441, 0.5903 0.4494 1.2441, 0.6218 0.4377 1.2441, 0.5938 0.4439 1.2441, 0.5965 0.4362 1.2441, 0.5767 0.4391 1.2441, 0.5742 0.442 1.2441, 0.5712 0.444 1.2441, 0.5674 0.4454 1.2441, 0.5611 0.4461 1.2441, 0.6287 0.4132 1.2441, 0.621 0.3815 1.2441, 0.6289 0.4131 1.2441, 0.6271 0.3777 1.2441, 0.6289 0.377 1.2441, 0.6259 0.4161 1.2441, 0.6237 0.4197 1.2441, 0.5979 0.4231 1.2441, 0.6218 0.4249 1.2441, 0.6211 0.4315 1.2441, 0.56 0.3593 1.2441, 0.6289 0.3054 1.2441, 0.5136 0.3054 1.2441, 0.5506 0.3582 1.2441, 0.5474 0.3583 1.2441, 0.7712 0.4578 1.2441, 0.7889 0.4578 1.2441, 0.7981 0.3594 1.2441, 0.74 0.3847 1.2441, 0.7421 0.3767 1.2441, 0.7426 0.3767 1.2441, 0.7228 0.4341 1.2441, 0.7447 0.3845 1.2441, 0.7434 0.38 1.2441, 0.7228 0.3594 1.2441, 0.7228 0.3883 1.2441, 0.6955 0.4578 1.2441, 0.7146 0.4578 1.2441, 0.7337 0.3607 1.2441, 0.7331 0.3594 1.2441, 0.7262 0.343 1.2441, 0.6911 0.3054 1.2441, 0.6991 0.3161 1.2441, 0.6991 0.3313 1.2441, 0.7196 0.3333 1.2441, 0.7228 0.3368 1.2441, 0.7228 0.3369 1.2441, 0.7228 0.3177 1.2441, 0.7167 0.3154 1.2441, 0.7228 0.3054 1.2441, 0.7101 0.3147 1.2441, 0.7041 0.315 1.2441, 0.7087 0.3293 1.2441, 0.7131 0.3298 1.2441, 0.7168 0.3313 1.2441, 0.7448 0.3458 1.2441, 0.7388 0.3336 1.2441, 0.7981 0.3054 1.2441, 0.7501 0.3594 1.2441, 0.7315 0.324 1.2441, 0.7294 0.322 1.2441, 0.7234 0.3179 1.2441, 0.6361 0.4548 1.2441, 0.6452 0.4583 1.2441, 0.681 0.403 1.2441, 0.6841 0.3984 1.2441, 0.682 0.4391 1.2441, 0.632 0.4523 1.2441, 0.6838 0.3747 1.2441, 0.6806 0.3702 1.2441, 0.6289 0.4494 1.2441, 0.659 0.46 1.2441, 0.6859 0.3934 1.2441, 0.6867 0.387 1.2441, 0.6859 0.3801 1.2441, 0.682 0.4557 1.2441, 0.6709 0.4589 1.2441, 0.6757 0.3659 1.2441, 0.6708 0.363 1.2441, 0.6573 0.4461 1.2441, 0.6522 0.4458 1.2441, 0.6387 0.433 1.2441, 0.6477 0.4446 1.2441, 0.6438 0.4425 1.2441, 0.6388 0.4308 1.2441, 0.6395 0.4281 1.2441, 0.6407 0.4258 1.2441, 0.6424 0.424 1.2441, 0.6484 0.4202 1.2441, 0.6692 0.4447 1.2441, 0.659 0.4156 1.2441, 0.6789 0.4409 1.2441, 0.6656 0.413 1.2441, 0.6769 0.4067 1.2441, 0.6413 0.4402 1.2441, 0.6398 0.4381 1.2441, 0.639 0.4358 1.2441, 0.6378 0.3735 1.2441, 0.6469 0.4032 1.2441, 0.6367 0.4079 1.2441, 0.649 0.3721 1.2441, 0.6498 0.3721 1.2441, 0.6581 0.3986 1.2441, 0.6585 0.3731 1.2441, 0.6692 0.3853 1.2441, 0.669 0.3874 1.2441, 0.6629 0.3747 1.2441, 0.6645 0.3757 1.2441, 0.6664 0.3774 1.2441, 0.6679 0.3796 1.2441, 0.6688 0.382 1.2441, 0.6682 0.3901 1.2441, 0.6669 0.3923 1.2441, 0.6648 0.3945 1.2441, 0.621 0.3639 1.2441, 0.5979 0.3605 1.2441, 0.6289 0.3611 1.2441, 0.6289 0.3594 1.2441, 0.6329 0.3597 1.2441, 0.6364 0.3594 1.2441, 0.6474 0.3582 1.2441, 0.7029 0.33 1.2441, 0.1273 0.7279 1.2441, 0.1482 0.7139 1.2441, 0.3744 0.7139 1.2441, 0.1705 0.6989 1.2441, 0.2023 0.6622 1.2441, 0.2228 0.6224 1.2441, 0.2318 0.6192 1.2441, 0.2602 0.6039 1.2441, -0.0538 0.7261 1.2441, -0.0092 0.7433 1.2441, -0.7834 0.8567 1.2441, 0.0388 0.7493 1.2441, 0.3744 0.8567 1.2441, 0.0787 0.7451 1.2441, -0.0736 0.7139 1.2441, -0.7834 0.7139 1.2441, -0.0774 0.7115 1.2441, -0.277 0.5943 1.2441, -0.2536 0.6244 1.2441, -0.1805 0.6661 1.2441, -0.1423 0.6708 1.2441, -0.1002 0.692 1.2441, -0.1311 0.6702 1.2441, -0.12 0.6689 1.2441, -0.2472 0.6304 1.2441, -0.2164 0.6521 1.2441, -0.2284 0.3828 1.2441, -0.2585 0.4084 1.2441, -0.7834 0.3594 1.2441, -0.1934 0.3657 1.2441, -0.2804 0.4398 1.2441, -0.2944 0.4758 1.2441, -0.7834 0.5355 1.2441, -0.2991 0.514 1.2441, -0.2989 0.523 1.2441, -0.2967 0.5355 1.2441, -0.2924 0.5594 1.2441, -0.181 0.362 1.2441, -0.1798 0.3594 1.2441, -0.1713 0.3413 1.2441, -0.157 0.3235 1.2441, -0.138 0.3092 1.2441, 0.3744 -2.0673 1.2441, 0.3744 0.3054 1.2441, -0.0489 0.3054 1.2441, -0.1157 0.2998 1.2441, -0.129 0.3054 1.2441, -0.0657 0.299 1.2441, -0.089 0.2961 1.2441, -0.0928 0.2962 1.2441, 0.3744 0.3594 1.2441, 0.0017 0.3594 1.2441, 0.0017 0.3592 1.2441, -0.0097 0.3376 1.2441, -0.0248 0.3207 1.2441, -0.0441 0.3073 1.2441, 0.1351 0.3603 1.2441, 0.1286 0.3621 1.2441, 0.1218 0.3659 1.2441, 0.1165 0.371 1.2441, -0.0164 0.4578 1.2441, 0.1133 0.5256 1.2441, -0.0333 0.4732 1.2441, -0.0538 0.4842 1.2441, 0.2856 0.5809 1.2441, 0.3044 0.5528 1.2441, 0.3744 0.5355 1.2441, 0.3107 0.5355 1.2441, 0.3152 0.5229 1.2441, 0.2581 0.5029 1.2441, 0.2536 0.5215 1.2441, 0.2462 0.5355 1.2441, -0.2357 0.5355 1.2441, 0.1203 0.413 1.2441, 0.1264 0.417 1.2441, 0.1434 0.4743 1.2441, 0.1331 0.4194 1.2441, 0.2996 0.4261 1.2441, 0.2828 0.4036 1.2441, 0.2781 0.3987 1.2441, 0.2523 0.3787 1.2441, -0.2305 0.4783 1.2441, -0.2182 0.4573 1.2441, -0.1693 0.4477 1.2441, -0.2008 0.4396 1.2441, -0.18 0.4268 1.2441, 0.3186 0.4956 1.2441, 0.3184 0.4879 1.2441, 0.3128 0.4562 1.2441, 0.2223 0.3654 1.2441, 0.1947 0.36 1.2441, 0.1376 0.36 1.2441, -0.1334 0.4798 1.2441, -0.1533 0.466 1.2441, -0.2381 0.5159 1.2441, -0.2371 0.5021 1.2441, -0.112 0.4879 1.2441, -0.089 0.4907 1.2441, -0.0772 0.49 1.2441, 0.1395 0.4201 1.2441, 0.1404 0.42 1.2441, 0.1433 0.4193 1.2441, 0.1095 0.39 1.2441, 0.1097 0.3934 1.2441, 0.0078 0.4026 1.2441, 0.1115 0.4008 1.2441, 0.1151 0.4075 1.2441, 0.1125 0.3772 1.2441, 0.1102 0.3838 1.2441, 0.0073 0.3831 1.2441, 0.0078 0.3929 1.2441, 0.239 0.4434 1.2441, 0.2496 0.4586 1.2441, 0.2563 0.4758 1.2441, 0.2586 0.4946 1.2441, 0.1453 0.4191 1.2441, 0.1889 0.4191 1.2441, 0.2061 0.4224 1.2441, 0.2232 0.4302 1.2441, 0.2375 0.4419 1.2441, 0.154 0.629 1.2441, 0.132 0.6549 1.2441, -0.09 0.5982 1.2441, 0.1303 0.6564 1.2441, 0.1032 0.6754 1.2441, -0.0751 0.629 1.2441, -0.0972 0.6022 1.2441, -0.1189 0.61 1.2441, 0.2447 0.5382 1.2441, 0.2333 0.5509 1.2441, 0.1831 0.5701 1.2441, 0.2183 0.5614 1.2441, 0.2014 0.5679 1.2441, 0.1753 0.5701 1.2441, 0.1691 0.5978 1.2441, -0.1751 0.6066 1.2441, -0.1967 0.5952 1.2441, -0.1511 0.6122 1.2441, -0.2136 0.5802 1.2441, -0.227 0.5609 1.2441, -0.0533 0.6549 1.2441, 0.0728 0.6871 1.2441, -0.0277 0.6737 1.2441, 0.0398 0.6912 1.2441, 0.0039 0.6865 1.2441, -0.1413 0.6127 1.2441, -0.2353 0.5393 1.2441, 0.8774 0.4967 1.2441, 0.8774 0.481 1.2441, 0.8805 0.376 1.2441, 0.8934 0.3594 1.2441, 0.8805 0.3605 1.2441, 0.8504 0.3594 1.2441, 0.8249 0.4218 1.2441, 0.8249 0.376 1.2441, 0.8504 0.4218 1.2441, 0.8504 0.376 1.2441, 0.8736 0.4218 1.2441, 0.8736 0.4374 1.2441, 0.8504 0.4374 1.2441, 0.8504 0.481 1.2441, 0.8249 0.4374 1.2441, 0.8249 0.481 1.2441, 0.8504 0.3605 1.2441, 0.8073 0.3605 1.2441, 1.0247 0.3605 1.2441, 1.0167 0.4217 1.2441, 1.0134 0.4058 1.2441, 1.2677 0.3594 1.2441, 1.0953 0.4967 1.2441, 1.1278 0.3605 1.2441, 1.1139 0.3977 1.2441, 1.0572 0.3977 1.2441, 1.0765 0.4967 1.2441, 1.0171 0.4303 1.2441, 1.0148 0.4494 1.2441, 1.0067 0.3917 1.2441, 0.9966 0.3796 1.2441, 0.9942 0.3774 1.2441, 0.9451 0.4967 1.2441, 0.9659 0.4944 1.2441, 0.9966 0.4787 1.2441, 1.0012 0.4741 1.2441, 1.0097 0.4623 1.2441, 0.9823 0.4884 1.2441, 0.9809 0.3686 1.2441, 0.965 0.3628 1.2441, 0.9437 0.3605 1.2441, 1.0441 0.3605 1.2441, 1.1472 0.3605 1.2441, 0.9063 0.3605 1.2441, 0.9063 0.4967 1.2441, 1.2677 0.3054 1.2441, 0.8934 0.3054 1.2441, 0.8504 0.3054 1.2441, 1.2677 0.8567 1.2441, 0.8934 0.8567 1.2441, 0.8504 0.8567 1.2441, 0.7981 0.8567 1.2441, 0.7228 0.8567 1.2441, 0.6911 0.8567 1.2441, 1.2677 -2.0673 1.2441, 0.8934 -2.0673 1.2441, 0.8504 -2.0673 1.2441, 0.7981 -2.0673 1.2441, 0.7228 -2.0673 1.2441, 0.6911 -2.0673 1.2441, 0.6289 -2.0673 1.2441, 0.5136 -2.0673 1.2441, 0.5055 -2.0673 1.2441, 0.5055 0.3054 1.2441, 0.5055 0.3594 1.2441, 0.5034 0.376 1.2441, 0.5034 0.3605 1.2441, 0.4301 0.3605 1.2441, 0.5003 0.481 1.2441, 0.4301 0.4967 1.2441, 0.5003 0.4967 1.2441, 0.4477 0.4218 1.2441, 0.4477 0.376 1.2441, 0.4964 0.4218 1.2441, 0.4964 0.4374 1.2441, 0.4477 0.4374 1.2441, 0.4477 0.481 1.2441, 0.4477 0.7127 1.2441, 0.4477 0.5921 1.2441, 0.502 0.5921 1.2441, 0.502 0.5765 1.2441, 0.4301 0.5765 1.2441, 0.4301 0.7127 1.2441, 0.5055 0.8567 1.2441, -1.2677 0.3054 1.2441, -1.2677 0.3594 1.2441, -1.2677 0.5355 1.2441, -1.2677 0.7139 1.2441, -1.2677 0.8567 1.2441, 1.2677 0.9642 1.2441, 0.8934 0.9642 1.2441, 0.8504 0.9642 1.2441, 0.7981 0.9642 1.2441, 0.7228 0.9642 1.2441, 0.6911 0.9642 1.2441, 0.6289 0.9642 1.2441, 0.5136 0.9642 1.2441, 0.5055 0.9642 1.2441, 0.3744 0.9642 1.2441, -0.7834 0.9642 1.2441, -1.2677 0.9642 1.2441, -1.2677 1.0429 1.2441, -1.2677 1.0429 1.126, -1.3637 1.0429 1.2346, -1.3509 1.0429 1.1166, -1.456 1.0429 1.2066, -1.3875 1.0429 1.1063, -1.5411 1.0429 1.1612, -1.6092 1.0429 1.1063, 1.7598 1.0429 0.5945, 1.7598 1.0429 -0.1575, 1.6417 1.0429 0.5945, 1.6417 1.0429 -0.1575, -1.6417 1.0429 0.5945, -1.6417 1.0429 -0.1575, -1.7598 1.0429 0.5945, -1.7598 1.0429 -0.1575, 1.7598 -1.4571 0.4921, 1.7598 -2.0673 0.4921, 1.7504 -2.0673 0.3961, 1.7504 -1.4571 0.3961, 1.7224 -2.0673 0.3038, 1.7224 -1.4571 0.3038, 1.6769 -2.0673 0.2187, 1.6769 -1.4571 0.2187, 1.6157 -2.0673 0.1441, 1.6157 -1.4571 0.1441, 1.5411 -2.0673 0.0829, 1.5411 -1.4571 0.0829, 1.456 -2.0673 0.0375, 1.456 -1.4571 0.0375, 1.3637 -2.0673 0.0095, 1.3637 -1.4571 0.0095, 1.2677 -2.0673 0.0, 1.2677 -1.4571 0.0, 1.2677 -1.4571 0.1181, 1.2677 -2.0673 0.1181, 1.3509 -1.4571 0.1275, 1.3509 -2.0673 0.1275, 1.43 -1.4571 0.1552, 1.43 -2.0673 0.1552, 1.5009 -1.4571 0.1997, 1.5009 -2.0673 0.1997, 1.5601 -1.4571 0.2589, 1.5601 -2.0673 0.2589, 1.6047 -1.4571 0.3298, 1.6047 -2.0673 0.3298, 1.6324 -1.4571 0.4089, 1.6324 -2.0673 0.4089, 1.6417 -1.4571 0.4921, 1.6417 -2.0673 0.4921, 1.7564 0.1401 0.4338, 1.7574 0.1434 0.4435, 1.7598 -0.5516 0.4921, 1.7551 0.1381 0.4237, 1.7583 0.148 0.4528, 1.7589 0.1537 0.4613, 1.7593 0.1605 0.4691, 1.7596 0.1682 0.4758, 1.7597 0.1768 0.4816, 1.7598 0.186 0.4861, 1.7598 0.1958 0.4894, 1.7598 0.2059 0.4915, 1.7598 0.2161 0.4921, 1.7535 0.1374 0.4134, 1.7504 -0.5516 0.3961, 1.7504 0.1374 0.3961, 1.7224 -0.5516 0.3038, 1.7224 0.1374 0.3038, 1.6769 -0.5516 0.2187, 1.6769 0.1374 0.2187, 1.6157 -0.5516 0.1441, 1.6157 0.1374 0.1441, 1.5411 -0.5516 0.0829, 1.5411 0.1374 0.0829, 1.456 -0.5516 0.0375, 1.456 0.1374 0.0375, 1.3637 -0.5516 0.0095, 1.3637 0.1374 0.0095, 1.2677 -0.5516 0.0, 1.2677 0.1374 0.0, 0.9724 -1.4571 0.0, -1.2677 -2.0673 0.0, -1.2677 -1.4571 0.0, -0.9724 -1.4571 0.0, -1.2677 -0.5516 0.0, -1.2677 0.1374 0.0, -0.9724 -0.5516 0.0, -0.9521 -0.5543 0.0, 0.9042 -1.4177 0.0, 0.9168 -1.434 0.0, 0.9331 -1.4465 0.0, 0.9521 -1.4544 0.0, 0.9724 -0.5516 0.0, 0.9521 -0.5543 0.0, 0.9331 -0.5621 0.0, 0.9168 -0.5746 0.0, -0.9042 -0.5909 0.0, -0.9168 -0.5746 0.0, 0.9042 -0.5909 0.0, -0.9331 -0.5621 0.0, -0.9168 -1.434 0.0, -0.9331 -1.4465 0.0, -0.9521 -1.4544 0.0, -0.9042 -1.4177 0.0, -0.8964 -1.3987 0.0, 0.8964 -1.3987 0.0, -0.8964 -0.6099 0.0, 0.8964 -0.6099 0.0, 0.8937 -0.6303 0.0, 0.8937 -1.3783 0.0, -0.8937 -1.3783 0.0, -0.8937 -0.6303 0.0, 1.6157 -2.0673 1.1, 1.6657 0.7614 1.0414, 1.6625 0.7739 1.0458, 1.6614 0.787 1.0472, 1.658 1.0066 1.0518, 1.6554 1.0134 1.0552, 1.6519 1.0199 1.0595, 1.6478 1.0256 1.0645, 1.6617 0.7803 1.0469, 1.6599 0.9991 1.0493, 1.6614 0.9839 1.0472, 1.661 0.9916 1.0478, 1.7224 0.728 0.9403, 1.6994 0.728 0.9882, 1.6769 -2.0673 1.0254, 1.692 0.7294 1.0013, 1.6844 0.7338 1.0138, 1.6772 0.7409 1.025, 1.6769 0.7411 1.0254, 1.6708 0.7502 1.0344, 1.7224 -2.0673 0.9403, 1.7504 -2.0673 0.848, 1.7504 0.728 0.848, 1.7598 -2.0673 0.752, 1.7598 0.728 0.752, 1.3637 1.0429 1.2346, 1.2677 1.0429 1.2441, 1.5411 -2.0673 1.1612, 1.456 1.0429 1.2066, 1.456 -2.0673 1.2066, 1.3637 -2.0673 1.2346, 1.6374 1.035 1.0768, 1.6244 1.0409 1.091, 1.6156 1.0421 1.0999, 1.6092 1.0429 1.1063, 1.5411 1.0429 1.1612, 1.7598 -1.339 0.5603, 1.7598 -1.3227 0.5478, 1.7598 -0.5909 0.5603, 1.7598 -0.5746 0.5478, 1.7598 -0.5621 0.5315, 1.7598 -0.5543 0.5125, 1.7598 -1.4544 0.5125, 1.7598 0.7359 0.6831, 1.7598 0.4524 0.4921, 1.7598 0.4727 0.4894, 1.7598 -1.4465 0.5315, 1.7598 -1.434 0.5478, 1.7598 -1.4177 0.5603, 1.7598 -0.7064 0.5125, 1.7598 -0.6985 0.5315, 1.7598 -1.3023 0.5125, 1.7598 -1.3102 0.5315, 1.7598 -0.686 0.5478, 1.7598 -0.6697 0.5603, 1.7598 0.787 0.6535, 1.7598 0.7717 0.6556, 1.7598 0.5206 0.4528, 1.7598 0.73 0.6973, 1.7598 0.728 0.7126, 1.7598 -1.3987 0.5682, 1.7598 -1.3783 0.5709, 1.7598 -1.358 0.5682, 1.7598 0.4917 0.4816, 1.7598 0.508 0.4691, 1.7598 0.7453 0.6708, 1.7598 0.7575 0.6615, 1.7598 0.5284 0.4338, 1.7598 0.9991 0.6515, 1.7598 0.9839 0.6535, 1.7598 -0.6507 0.5682, 1.7598 -0.6303 0.5709, 1.7598 -0.6099 0.5682, 1.7598 1.035 0.624, 1.7598 1.0256 0.6362, 1.7598 1.0134 0.6456, 1.7598 -1.2981 -0.0615, 1.7598 -1.2936 -0.0763, 1.7598 -0.7091 -0.0461, 1.7598 0.5542 -0.2132, 1.7598 0.5705 -0.2257, 1.7598 0.5417 -0.1968, 1.7598 0.5895 -0.2335, 1.7598 0.5338 -0.1779, 1.7598 0.6098 -0.2362, 1.7598 0.5311 -0.1575, 1.7598 0.5311 0.4134, 1.7598 1.0409 0.6098, 1.7598 1.0324 -0.1968, 1.7598 0.9846 -0.2335, 1.7598 1.0199 -0.2132, 1.7598 1.0035 -0.2257, 1.7598 0.9642 -0.2362, 1.7598 1.0402 -0.1779, 1.7598 -0.7091 0.4921, 1.7598 -1.2996 0.4921, 1.7598 -1.2996 -0.0461, 1.7598 -1.1299 -0.2335, 1.7598 -1.1095 -0.2362, 1.7598 -1.1489 -0.2257, 1.7598 -1.1652 -0.2132, 1.7598 -1.2765 -0.1018, 1.7598 -0.8991 -0.2362, 1.7598 -0.8788 -0.2335, 1.7598 -0.7321 -0.1018, 1.7598 -0.7196 -0.0855, 1.7598 -0.8598 -0.2257, 1.7598 -0.8435 -0.2132, 1.7598 -1.2863 -0.0899, 1.7598 -0.7117 -0.0665, 1.3509 1.0429 1.1166, 1.2677 1.0429 1.126, 1.3875 1.0429 1.1063, -1.5009 -2.0673 1.0444, -1.6157 -2.0673 1.1, -1.5601 -2.0673 0.9852, -1.6769 -2.0673 1.0254, -1.6047 -2.0673 0.9142, -1.7224 -2.0673 0.9403, -1.6324 -2.0673 0.8352, -1.7504 -2.0673 0.848, -1.6417 -2.0673 0.752, -1.7598 -2.0673 0.752, -1.6417 -2.0673 0.4921, -1.7598 -2.0673 0.4921, -1.6324 -2.0673 0.4089, -1.7504 -2.0673 0.3961, -1.6047 -2.0673 0.3298, -1.7224 -2.0673 0.3038, -1.5601 -2.0673 0.2589, -1.6769 -2.0673 0.2187, -1.6157 -2.0673 0.1441, -1.5009 -2.0673 0.1997, -1.5411 -2.0673 0.0829, -1.43 -2.0673 0.1552, -1.456 -2.0673 0.0375, -1.3509 -2.0673 0.1275, -1.3637 -2.0673 0.0095, -1.2677 -2.0673 0.1181, 1.6417 -2.0673 0.752, 1.6324 -2.0673 0.8352, 1.6047 -2.0673 0.9142, 1.5601 -2.0673 0.9852, 1.5009 -2.0673 1.0444, 1.43 -2.0673 1.0889, 1.3509 -2.0673 1.1166, 1.2677 -2.0673 1.126, -1.2677 -2.0673 1.126, -1.3509 -2.0673 1.1166, -1.3637 -2.0673 1.2346, -1.43 -2.0673 1.0889, -1.456 -2.0673 1.2066, -1.5411 -2.0673 1.1612, 1.6417 0.2161 0.4921, 1.6417 0.2058 0.4914, 1.6417 -0.5516 0.4921, 1.6417 0.1958 0.4894, 1.6417 0.186 0.4861, 1.6416 0.1768 0.4816, 1.6414 0.1682 0.4759, 1.641 0.1605 0.4691, 1.6405 0.1537 0.4613, 1.6397 0.148 0.4528, 1.6386 0.1434 0.4435, 1.6372 0.1401 0.4338, 1.6354 0.1381 0.4236, 1.6324 -0.5516 0.4089, 1.2677 0.1374 0.1181, 1.2677 -0.5516 0.1181, 1.3509 0.1374 0.1275, 1.3509 -0.5516 0.1275, 1.43 0.1374 0.1552, 1.43 -0.5516 0.1552, 1.5009 0.1374 0.1997, 1.5009 -0.5516 0.1997, 1.5601 0.1374 0.2589, 1.5601 -0.5516 0.2589, 1.6047 0.1374 0.3298, 1.6047 -0.5516 0.3298, 1.6324 0.1374 0.4089, 1.6334 0.1374 0.4134, 0.9724 -0.5516 0.1181, 0.9521 -0.5543 0.1181, 0.9724 -1.4571 0.1181, 0.9521 -1.4544 0.1181, -1.2677 0.1374 0.1181, -1.2677 -0.5516 0.1181, -0.9724 -0.5516 0.1181, 0.9331 -0.5621 0.1181, 0.9168 -0.5746 0.1181, -0.9042 -0.5909 0.1181, -0.8964 -0.6099 0.1181, -0.9168 -1.434 0.1181, -0.9331 -1.4465 0.1181, 0.9042 -0.5909 0.1181, -0.9521 -1.4544 0.1181, -0.9724 -1.4571 0.1181, -1.2677 -1.4571 0.1181, 0.9331 -1.4465 0.1181, 0.9168 -1.434 0.1181, 0.9042 -1.4177 0.1181, -0.9042 -1.4177 0.1181, -0.8964 -1.3987 0.1181, -0.9521 -0.5543 0.1181, -0.9331 -0.5621 0.1181, -0.9168 -0.5746 0.1181, 0.8964 -1.3987 0.1181, 0.8937 -1.3783 0.1181, -0.8937 -1.3783 0.1181, -0.8937 -0.6303 0.1181, 0.8937 -0.6303 0.1181, 0.8964 -0.6099 0.1181, 1.2677 0.9642 1.126, -1.2677 0.9642 1.126, 1.5348 0.7338 1.0138, 1.5465 0.7294 1.0013, 1.5009 0.7689 1.0444, 1.5046 0.7614 1.0414, 1.513 0.7502 1.0344, 1.5233 0.7408 1.025, 1.6417 0.728 0.752, 1.6324 0.728 0.8352, 1.6047 0.728 0.9142, 1.5601 0.728 0.9852, 1.5577 0.728 0.9882, 1.4532 1.035 1.0768, 1.4731 1.0256 1.0645, 1.4647 1.0121 1.0699, 1.4804 1.0201 1.0597, 1.4867 1.0134 1.0552, 1.4912 1.0067 1.0518, 1.4947 0.9991 1.0493, 1.4966 0.9917 1.0478, 1.4973 0.9839 1.0472, 1.4973 0.787 1.0472, 1.43 1.0403 1.0889, 1.4992 0.7739 1.0458, 1.4978 0.7803 1.0469, 1.4248 1.0406 1.0911, 1.6417 1.0409 0.6098, 1.6417 0.5284 0.4338, 1.6417 0.7359 0.6831, 1.6417 0.508 0.4691, 1.6417 0.4917 0.4816, 1.6417 -1.4544 0.5125, 1.6417 -1.4177 0.5603, 1.6417 -1.434 0.5478, 1.6417 -1.4465 0.5315, 1.6417 0.73 0.6973, 1.6417 0.728 0.7126, 1.6417 -0.5543 0.5125, 1.6417 0.4727 0.4894, 1.6417 0.4524 0.4921, 1.6417 0.5206 0.4528, 1.6417 0.7575 0.6615, 1.6417 0.7717 0.6556, 1.6417 -0.5621 0.5315, 1.6417 -0.5746 0.5478, 1.6417 -0.5909 0.5603, 1.6417 -0.6697 0.5603, 1.6417 -0.686 0.5478, 1.6417 -1.3227 0.5478, 1.6417 -0.6985 0.5315, 1.6417 -1.3102 0.5315, 1.6417 0.7453 0.6708, 1.6417 -1.3023 0.5125, 1.6417 -0.7064 0.5125, 1.6417 -0.7091 0.4921, 1.6417 -1.339 0.5603, 1.6417 -1.358 0.5682, 1.6417 -1.3783 0.5709, 1.6417 -1.3987 0.5682, 1.6417 0.5311 -0.1575, 1.6417 0.5311 0.4134, 1.6417 0.787 0.6535, 1.6417 0.9839 0.6535, 1.6417 0.9991 0.6515, 1.6417 1.0134 0.6456, 1.6417 1.0256 0.6362, 1.6417 1.035 0.624, 1.6417 -0.6099 0.5682, 1.6417 -0.6303 0.5709, 1.6417 -0.6507 0.5682, 1.6417 -0.8991 -0.2362, 1.6417 -1.1095 -0.2362, 1.6417 -1.2765 -0.1018, 1.6417 1.0402 -0.1779, 1.6417 1.0324 -0.1968, 1.6417 0.9846 -0.2335, 1.6417 1.0199 -0.2132, 1.6417 1.0035 -0.2257, 1.6417 0.9642 -0.2362, 1.6417 0.6098 -0.2362, 1.6417 0.5338 -0.1779, 1.6417 0.5895 -0.2335, 1.6417 0.5417 -0.1968, 1.6417 0.5705 -0.2257, 1.6417 0.5542 -0.2132, 1.6417 -0.7321 -0.1018, 1.6417 -0.8435 -0.2132, 1.6417 -0.7091 -0.0461, 1.6417 -1.2863 -0.0899, 1.6417 -1.2936 -0.0763, 1.6417 -0.7196 -0.0855, 1.6417 -1.1299 -0.2335, 1.6417 -1.1489 -0.2257, 1.6417 -1.1652 -0.2132, 1.6417 -1.2981 -0.0615, 1.6417 -1.2996 -0.0461, 1.6417 -1.2996 0.4921, 1.6417 -0.7117 -0.0665, 1.6417 -0.8598 -0.2257, 1.6417 -0.8788 -0.2335, -1.7535 0.1374 0.4134, -1.6334 0.1374 0.4134, -1.7504 0.1374 0.3961, -1.6324 0.1374 0.4089, -1.7224 0.1374 0.3038, -1.6047 0.1374 0.3298, -1.6769 0.1374 0.2187, -1.5601 0.1374 0.2589, -1.6157 0.1374 0.1441, -1.5009 0.1374 0.1997, -1.3509 0.1374 0.1275, -1.3637 0.1374 0.0095, -1.43 0.1374 0.1552, -1.456 0.1374 0.0375, -1.5411 0.1374 0.0829, -1.3637 -1.4571 0.0095, -1.456 -1.4571 0.0375, -1.5411 -1.4571 0.0829, -1.6157 -1.4571 0.1441, -1.6769 -1.4571 0.2187, -1.7224 -1.4571 0.3038, -1.7504 -1.4571 0.3961, -1.7598 -1.4571 0.4921, -1.6417 -1.4571 0.4921, -1.6324 -1.4571 0.4089, -1.6047 -1.4571 0.3298, -1.5601 -1.4571 0.2589, -1.5009 -1.4571 0.1997, -1.43 -1.4571 0.1552, -1.3509 -1.4571 0.1275, -1.7598 0.2161 0.4921, -1.7598 0.2059 0.4915, -1.7598 -0.5516 0.4921, -1.7598 0.1958 0.4894, -1.7598 0.186 0.4861, -1.7597 0.1768 0.4816, -1.7596 0.1682 0.4758, -1.7593 0.1605 0.4691, -1.7589 0.1537 0.4613, -1.7583 0.148 0.4528, -1.7574 0.1434 0.4435, -1.7564 0.1401 0.4338, -1.7551 0.1381 0.4237, -1.7504 -0.5516 0.3961, -1.7224 -0.5516 0.3038, -1.6769 -0.5516 0.2187, -1.6157 -0.5516 0.1441, -1.5411 -0.5516 0.0829, -1.456 -0.5516 0.0375, -1.3637 -0.5516 0.0095, -1.7504 0.728 0.848, -1.7598 0.728 0.752, -1.6769 0.7411 1.0254, -1.6819 0.7359 1.0177, -1.6907 0.73 1.0035, -1.6994 0.728 0.9882, -1.7224 0.728 0.9403, -1.657 1.0095 1.0531, -1.6589 1.0035 1.0506, -1.6395 1.013 1.0744, -1.6514 1.0207 1.0601, -1.6603 0.997 1.0487, -1.6611 0.9905 1.0476, -1.6614 0.9839 1.0472, -1.6224 1.0414 1.0932, -1.634 1.0371 1.0807, -1.6437 1.03 1.0695, -1.6614 0.787 1.0472, -1.6156 1.0422 1.0999, -1.6618 0.7793 1.0467, -1.6629 0.7717 1.0452, -1.6648 0.7643 1.0427, -1.6672 0.7575 1.0393, -1.6703 0.751 1.035, -1.674 0.7455 1.0297, -1.7598 -1.3102 0.5315, -1.7598 -1.3227 0.5478, -1.7598 -0.6985 0.5315, -1.7598 -0.5746 0.5478, -1.7598 -0.5909 0.5603, -1.7598 -1.4544 0.5125, -1.7598 -1.4465 0.5315, -1.7598 -0.686 0.5478, -1.7598 -0.6697 0.5603, -1.7598 0.73 0.6973, -1.7598 0.7359 0.6831, -1.7598 0.4524 0.4921, -1.7598 0.508 0.4691, -1.7598 0.4917 0.4816, -1.7598 0.4727 0.4894, -1.7598 -0.6099 0.5682, -1.7598 -0.6303 0.5709, -1.7598 -0.6507 0.5682, -1.7598 -1.3023 0.5125, -1.7598 -0.7064 0.5125, -1.7598 -0.7091 0.4921, -1.7598 -1.3987 0.5682, -1.7598 -1.4177 0.5603, -1.7598 -1.434 0.5478, -1.7598 0.728 0.7126, -1.7598 -0.5543 0.5125, -1.7598 -0.5621 0.5315, -1.7598 0.787 0.6535, -1.7598 0.6098 -0.2362, -1.7598 0.5895 -0.2335, -1.7598 -1.339 0.5603, -1.7598 -1.358 0.5682, -1.7598 -1.3783 0.5709, -1.7598 0.5206 0.4528, -1.7598 0.7575 0.6615, -1.7598 0.5284 0.4338, -1.7598 0.5311 0.4134, -1.7598 0.5311 -0.1575, -1.7598 0.7717 0.6556, -1.7598 0.5338 -0.1779, -1.7598 1.0409 0.6098, -1.7598 0.9839 0.6535, -1.7598 0.7453 0.6708, -1.7598 1.0134 0.6456, -1.7598 1.0256 0.6362, -1.7598 1.035 0.624, -1.7598 0.9642 -0.2362, -1.7598 0.5705 -0.2257, -1.7598 0.5542 -0.2132, -1.7598 0.5417 -0.1968, -1.7598 -0.8598 -0.2257, -1.7598 -0.8788 -0.2335, -1.7598 -0.8991 -0.2362, -1.7598 -1.2863 -0.0899, -1.7598 -1.2936 -0.0763, -1.7598 -0.7091 -0.0461, -1.7598 0.9991 0.6515, -1.7598 -1.2981 -0.0615, -1.7598 -1.2996 -0.0461, -1.7598 -1.2996 0.4921, -1.7598 1.0402 -0.1779, -1.7598 1.0324 -0.1968, -1.7598 0.9846 -0.2335, -1.7598 1.0199 -0.2132, -1.7598 1.0035 -0.2257, -1.7598 -1.2765 -0.1018, -1.7598 -1.1095 -0.2362, -1.7598 -0.7117 -0.0665, -1.7598 -0.7196 -0.0855, -1.7598 -0.7321 -0.1018, -1.7598 -0.8435 -0.2132, -1.7598 -1.1299 -0.2335, -1.7598 -1.1489 -0.2257, -1.7598 -1.1652 -0.2132, -1.6372 0.1401 0.4338, -1.6386 0.1434 0.4435, -1.6417 -0.5516 0.4921, -1.6324 -0.5516 0.4089, -1.6354 0.1381 0.4236, -1.6397 0.148 0.4528, -1.6405 0.1537 0.4613, -1.641 0.1605 0.4691, -1.6414 0.1682 0.4759, -1.6416 0.1768 0.4816, -1.6417 0.186 0.4861, -1.6417 0.1958 0.4894, -1.6417 0.2058 0.4914, -1.6417 0.2161 0.4921, -1.3509 -0.5516 0.1275, -1.43 -0.5516 0.1552, -1.5009 -0.5516 0.1997, -1.5601 -0.5516 0.2589, -1.6047 -0.5516 0.3298, -1.5071 0.7575 1.0393, -1.5009 0.7689 1.0444, -1.4998 0.7717 1.0452, -1.4979 0.7792 1.0467, -1.4973 0.787 1.0472, -1.4299 1.0399 1.0887, -1.4462 1.0371 1.0807, -1.4647 1.0119 1.0699, -1.4654 1.03 1.0695, -1.4896 1.0095 1.0531, -1.4849 1.0155 1.0564, -1.4797 1.0207 1.0601, -1.4968 0.9905 1.0476, -1.4954 0.997 1.0487, -1.4929 1.0035 1.0506, -1.4973 0.9839 1.0472, -1.5445 0.73 1.0035, -1.5309 0.7359 1.0177, -1.5179 0.7453 1.0299, -1.6417 0.728 0.752, -1.6324 0.728 0.8352, -1.6047 0.728 0.9142, -1.5601 0.728 0.9852, -1.5577 0.728 0.9882, -1.4209 1.0414 1.0932, -1.6417 -1.4544 0.5125, -1.6417 -1.4465 0.5315, -1.6417 -0.5909 0.5603, -1.6417 -0.5746 0.5478, -1.6417 -0.5621 0.5315, -1.6417 -0.5543 0.5125, -1.6417 -1.3227 0.5478, -1.6417 -1.3102 0.5315, -1.6417 -0.6985 0.5315, -1.6417 -1.3023 0.5125, -1.6417 -0.7064 0.5125, -1.6417 -0.6697 0.5603, -1.6417 -0.686 0.5478, -1.6417 -1.434 0.5478, -1.6417 -1.4177 0.5603, -1.6417 -1.3987 0.5682, -1.6417 -0.7196 -0.0855, -1.6417 -0.7117 -0.0665, -1.6417 -0.7091 -0.0461, -1.6417 -0.6507 0.5682, -1.6417 -0.6303 0.5709, -1.6417 -0.6099 0.5682, -1.6417 0.7359 0.6831, -1.6417 0.4524 0.4921, -1.6417 0.4727 0.4894, -1.6417 -1.3783 0.5709, -1.6417 -1.358 0.5682, -1.6417 -1.339 0.5603, -1.6417 0.73 0.6973, -1.6417 0.728 0.7126, -1.6417 0.5705 -0.2257, -1.6417 0.5895 -0.2335, -1.6417 0.787 0.6535, -1.6417 0.6098 -0.2362, -1.6417 0.9839 0.6535, -1.6417 0.7575 0.6615, -1.6417 0.5311 0.4134, -1.6417 0.7717 0.6556, -1.6417 0.5311 -0.1575, -1.6417 0.4917 0.4816, -1.6417 0.508 0.4691, -1.6417 0.7453 0.6708, -1.6417 0.5206 0.4528, -1.6417 0.5284 0.4338, -1.6417 -1.2981 -0.0615, -1.6417 -1.2936 -0.0763, -1.6417 -1.1095 -0.2362, -1.6417 -0.8991 -0.2362, -1.6417 0.9642 -0.2362, -1.6417 -0.7091 0.4921, -1.6417 -1.2996 0.4921, -1.6417 -1.2996 -0.0461, -1.6417 -1.1489 -0.2257, -1.6417 -1.1299 -0.2335, -1.6417 1.0409 0.6098, -1.6417 1.035 0.624, -1.6417 0.5338 -0.1779, -1.6417 0.5417 -0.1968, -1.6417 0.5542 -0.2132, -1.6417 -1.2863 -0.0899, -1.6417 -1.2765 -0.1018, -1.6417 -1.1652 -0.2132, -1.6417 -0.8788 -0.2335, -1.6417 -0.8598 -0.2257, -1.6417 -0.8435 -0.2132, -1.6417 -0.7321 -0.1018, -1.6417 1.0035 -0.2257, -1.6417 1.0199 -0.2132, -1.6417 0.9846 -0.2335, -1.6417 1.0324 -0.1968, -1.6417 1.0402 -0.1779, -1.6417 1.0256 0.6362, -1.6417 1.0134 0.6456, -1.6417 0.9991 0.6515
            ]
        }
        coordIndex [
            0,1,2,-1,3,4,5,-1,6,7,8,-1,9,10,11,-1,11,10,12,-1,13,14,15,-1,15,14,16,-1,15,16,17,-1,18,19,20,-1,20,19,21,-1,20,21,22,-1,22,21,9,-1,22,9,23,-1,24,25,26,-1,26,25,27,-1,26,27,13,-1,17,16,28,-1,28,16,29,-1,28,29,30,-1,31,32,5,-1,33,31,34,-1,35,36,34,-1,33,34,37,-1,37,34,36,-1,37,36,38,-1,39,35,40,-1,40,41,39,-1,39,41,42,-1,39,42,43,-1,43,42,44,-1,45,29,46,-1,46,29,47,-1,48,30,49,-1,49,30,29,-1,49,29,50,-1,50,29,45,-1,51,52,50,-1,50,52,53,-1,50,53,54,-1,55,56,50,-1,50,56,57,-1,50,57,49,-1,49,57,58,-1,49,58,59,-1,60,61,62,-1,62,61,63,-1,62,63,64,-1,54,65,50,-1,50,65,66,-1,50,66,55,-1,67,68,69,-1,69,68,70,-1,69,70,71,-1,67,72,68,-1,68,72,73,-1,68,73,74,-1,74,73,75,-1,74,75,76,-1,71,77,69,-1,69,77,78,-1,69,78,50,-1,50,78,79,-1,50,79,51,-1,59,80,49,-1,49,80,81,-1,49,81,62,-1,62,81,82,-1,62,82,60,-1,83,84,85,-1,85,84,86,-1,85,86,87,-1,88,89,90,-1,90,91,88,-1,88,91,92,-1,88,92,93,-1,64,94,62,-1,62,94,95,-1,62,95,96,-1,97,98,88,-1,88,98,99,-1,88,99,89,-1,95,100,96,-1,96,100,101,-1,96,101,97,-1,97,101,102,-1,97,102,98,-1,103,104,5,-1,105,106,107,-1,107,106,108,-1,109,110,107,-1,107,110,111,-1,104,112,5,-1,5,112,113,-1,5,113,114,-1,108,115,107,-1,107,115,116,-1,107,116,109,-1,44,42,32,-1,32,42,107,-1,32,107,5,-1,5,107,111,-1,5,111,103,-1,117,118,119,-1,119,118,120,-1,121,122,11,-1,11,122,14,-1,11,14,9,-1,9,14,13,-1,9,13,23,-1,23,13,27,-1,122,123,14,-1,14,123,124,-1,14,124,105,-1,105,124,125,-1,105,125,106,-1,126,127,128,-1,129,130,131,-1,131,130,132,-1,133,134,135,-1,135,134,136,-1,137,138,134,-1,134,138,139,-1,140,141,142,-1,127,143,128,-1,128,143,144,-1,128,144,145,-1,145,144,146,-1,145,146,147,-1,132,148,131,-1,131,148,149,-1,131,149,150,-1,133,151,134,-1,134,151,152,-1,134,152,137,-1,62,153,154,-1,155,156,62,-1,62,156,157,-1,158,159,146,-1,146,159,160,-1,126,128,154,-1,154,128,161,-1,154,161,62,-1,62,161,162,-1,62,162,155,-1,140,163,141,-1,141,163,164,-1,141,164,165,-1,165,164,166,-1,165,166,167,-1,160,168,146,-1,146,168,169,-1,146,169,170,-1,170,171,146,-1,146,171,172,-1,146,172,147,-1,173,174,175,-1,175,174,176,-1,175,176,177,-1,178,179,180,-1,180,179,181,-1,180,181,167,-1,167,181,182,-1,167,182,165,-1,150,183,184,-1,184,183,185,-1,185,183,186,-1,185,186,187,-1,188,189,119,-1,119,189,190,-1,191,192,193,-1,120,121,119,-1,119,121,11,-1,119,11,188,-1,188,11,194,-1,188,194,195,-1,195,194,191,-1,195,191,196,-1,196,191,193,-1,197,198,8,-1,8,198,199,-1,8,199,12,-1,12,199,11,-1,11,199,200,-1,11,200,194,-1,201,198,202,-1,202,198,197,-1,202,197,203,-1,204,205,206,-1,207,208,197,-1,197,208,209,-1,197,209,203,-1,210,211,212,-1,212,211,213,-1,212,213,204,-1,204,213,214,-1,204,214,205,-1,215,216,197,-1,197,216,217,-1,197,217,207,-1,218,219,220,-1,218,220,221,-1,219,222,220,-1,220,222,223,-1,220,223,212,-1,212,223,224,-1,212,224,210,-1,225,226,49,-1,227,228,229,-1,225,49,230,-1,8,231,232,-1,157,140,62,-1,62,140,142,-1,62,142,49,-1,49,142,233,-1,49,233,230,-1,226,234,49,-1,49,234,12,-1,49,12,48,-1,48,12,10,-1,235,236,8,-1,8,236,237,-1,8,237,231,-1,228,235,229,-1,229,235,8,-1,229,8,238,-1,238,8,12,-1,238,12,239,-1,239,12,234,-1,232,240,8,-1,8,240,241,-1,8,241,6,-1,242,243,244,-1,244,243,245,-1,244,245,246,-1,244,247,242,-1,242,247,248,-1,242,248,249,-1,249,250,242,-1,242,250,251,-1,242,251,252,-1,252,251,253,-1,252,253,254,-1,254,253,255,-1,254,255,229,-1,229,255,256,-1,229,256,227,-1,257,258,246,-1,246,258,259,-1,246,259,244,-1,260,261,177,-1,177,261,262,-1,177,262,175,-1,260,263,261,-1,261,263,264,-1,261,264,265,-1,265,264,266,-1,265,267,268,-1,266,269,265,-1,265,269,270,-1,265,270,271,-1,271,272,265,-1,265,272,273,-1,265,273,267,-1,268,274,265,-1,265,274,275,-1,265,275,276,-1,173,178,174,-1,174,178,180,-1,174,180,277,-1,277,180,278,-1,277,278,279,-1,279,278,280,-1,279,280,281,-1,281,280,282,-1,283,282,184,-1,184,282,280,-1,184,280,150,-1,150,280,278,-1,150,278,131,-1,283,184,7,-1,7,184,204,-1,7,204,8,-1,8,204,206,-1,8,206,197,-1,197,206,284,-1,197,284,215,-1,285,286,287,-1,287,286,288,-1,287,288,289,-1,289,290,287,-1,287,290,291,-1,287,291,292,-1,293,294,295,-1,295,294,296,-1,295,296,297,-1,297,296,298,-1,293,295,299,-1,299,295,300,-1,299,300,301,-1,300,302,303,-1,300,304,301,-1,301,304,305,-1,301,305,306,-1,306,305,307,-1,306,307,308,-1,303,309,300,-1,300,309,310,-1,300,310,304,-1,311,312,313,-1,311,313,314,-1,312,315,313,-1,313,315,316,-1,313,316,317,-1,317,316,318,-1,318,319,317,-1,317,319,320,-1,317,320,300,-1,300,320,321,-1,300,321,302,-1,322,314,323,-1,323,314,313,-1,323,313,324,-1,324,313,2,-1,324,2,325,-1,325,2,326,-1,327,328,329,-1,1,330,2,-1,2,330,331,-1,2,331,326,-1,329,332,327,-1,327,332,333,-1,327,333,1,-1,1,333,334,-1,1,334,330,-1,335,336,328,-1,328,336,337,-1,328,337,338,-1,338,339,328,-1,328,339,340,-1,328,340,329,-1,341,342,336,-1,336,342,343,-1,336,343,344,-1,345,346,347,-1,347,346,348,-1,292,349,287,-1,287,349,350,-1,287,350,351,-1,351,350,352,-1,351,352,353,-1,354,355,346,-1,346,355,356,-1,346,356,357,-1,358,359,360,-1,360,359,361,-1,362,363,335,-1,335,363,364,-1,335,364,365,-1,366,367,368,-1,368,367,369,-1,368,369,370,-1,353,371,351,-1,351,371,372,-1,351,372,335,-1,335,372,373,-1,335,373,362,-1,365,374,335,-1,335,374,375,-1,335,375,336,-1,336,375,376,-1,336,376,341,-1,377,357,378,-1,378,357,379,-1,378,379,368,-1,368,379,380,-1,368,380,366,-1,377,381,357,-1,357,381,382,-1,357,382,346,-1,346,382,383,-1,346,383,348,-1,361,384,360,-1,360,384,385,-1,360,385,386,-1,387,388,389,-1,389,388,390,-1,389,390,360,-1,360,390,391,-1,360,391,358,-1,344,392,336,-1,336,392,393,-1,336,393,394,-1,394,393,387,-1,394,387,395,-1,395,387,389,-1,396,397,360,-1,360,397,398,-1,360,398,346,-1,346,398,399,-1,346,399,354,-1,386,400,360,-1,360,400,401,-1,360,401,402,-1,402,403,360,-1,360,403,404,-1,360,404,396,-1,405,406,407,-1,406,408,407,-1,407,408,409,-1,407,409,410,-1,356,407,357,-1,357,407,411,-1,357,411,412,-1,413,414,415,-1,415,414,416,-1,415,416,417,-1,413,415,356,-1,356,415,418,-1,356,418,407,-1,407,418,419,-1,407,419,405,-1,420,421,422,-1,422,421,423,-1,422,423,424,-1,410,409,425,-1,425,409,426,-1,425,426,427,-1,427,426,428,-1,427,428,429,-1,412,430,357,-1,357,430,422,-1,357,422,431,-1,431,422,424,-1,31,5,34,-1,34,5,4,-1,34,4,432,-1,432,433,34,-1,34,433,434,-1,34,434,435,-1,435,434,436,-1,435,436,437,-1,438,439,440,-1,440,439,441,-1,440,441,442,-1,442,441,434,-1,442,434,443,-1,443,434,433,-1,443,433,444,-1,444,433,445,-1,444,445,446,-1,446,445,447,-1,436,448,437,-1,437,448,449,-1,437,449,190,-1,190,449,3,-1,190,3,119,-1,119,3,5,-1,119,5,117,-1,117,5,114,-1,450,451,452,-1,453,40,454,-1,455,456,457,-1,35,34,40,-1,40,34,458,-1,40,458,454,-1,451,450,459,-1,459,450,458,-1,459,458,460,-1,452,461,450,-1,450,461,462,-1,450,462,463,-1,464,465,34,-1,466,467,458,-1,458,467,468,-1,458,468,460,-1,34,465,458,-1,458,465,469,-1,458,469,466,-1,463,470,450,-1,450,470,471,-1,450,471,472,-1,457,473,455,-1,455,473,453,-1,455,453,474,-1,474,453,454,-1,473,450,453,-1,453,450,472,-1,453,472,435,-1,435,472,475,-1,435,475,34,-1,34,475,476,-1,34,476,464,-1,477,453,478,-1,478,453,435,-1,478,435,479,-1,479,435,437,-1,479,437,220,-1,220,437,190,-1,220,190,221,-1,221,190,189,-1,41,480,42,-1,42,480,481,-1,42,481,107,-1,107,481,482,-1,107,482,105,-1,105,482,483,-1,105,483,14,-1,14,483,484,-1,14,484,16,-1,16,484,485,-1,16,485,29,-1,29,485,84,-1,29,84,47,-1,47,84,83,-1,486,477,487,-1,487,477,478,-1,487,478,488,-1,488,478,479,-1,488,479,489,-1,489,479,220,-1,489,220,490,-1,490,220,212,-1,490,212,491,-1,491,212,204,-1,491,204,492,-1,492,204,184,-1,492,184,493,-1,493,184,185,-1,493,185,494,-1,494,185,495,-1,494,495,327,-1,187,136,185,-1,185,136,134,-1,185,134,495,-1,495,134,496,-1,497,498,496,-1,496,498,499,-1,139,153,134,-1,134,153,62,-1,134,62,496,-1,496,62,96,-1,496,96,497,-1,497,96,500,-1,327,495,328,-1,328,495,496,-1,328,496,335,-1,335,496,499,-1,335,499,351,-1,351,499,501,-1,351,501,96,-1,96,501,502,-1,96,502,500,-1,503,504,505,-1,505,504,497,-1,505,497,506,-1,506,497,500,-1,506,500,507,-1,507,500,508,-1,509,97,287,-1,509,510,97,-1,97,510,511,-1,97,511,96,-1,96,511,512,-1,96,512,351,-1,351,512,513,-1,351,513,287,-1,287,513,514,-1,287,514,509,-1,93,87,88,-1,88,87,86,-1,88,86,97,-1,97,86,515,-1,97,515,287,-1,287,515,297,-1,287,297,285,-1,285,297,298,-1,0,2,516,-1,516,2,313,-1,516,313,517,-1,517,313,317,-1,517,317,518,-1,518,317,300,-1,518,300,519,-1,519,300,295,-1,519,295,520,-1,480,521,481,-1,481,521,522,-1,481,522,482,-1,482,522,523,-1,482,523,483,-1,483,523,524,-1,483,524,484,-1,484,524,525,-1,484,525,485,-1,485,525,526,-1,485,526,84,-1,84,526,527,-1,84,527,86,-1,86,527,528,-1,86,528,515,-1,515,528,529,-1,515,529,297,-1,297,529,530,-1,297,530,295,-1,295,530,531,-1,295,531,520,-1,520,531,532,-1,533,534,535,-1,535,534,536,-1,535,536,537,-1,537,536,538,-1,537,538,539,-1,539,538,540,-1,541,542,543,-1,543,542,544,-1,545,546,547,-1,547,546,548,-1,549,550,551,-1,549,551,552,-1,552,551,553,-1,552,553,554,-1,554,553,555,-1,554,555,556,-1,556,555,557,-1,556,557,558,-1,558,557,559,-1,558,559,560,-1,560,559,561,-1,560,561,562,-1,562,561,563,-1,562,563,564,-1,564,563,565,-1,564,565,566,-1,567,568,569,-1,569,568,570,-1,569,570,571,-1,571,570,572,-1,571,572,573,-1,573,572,574,-1,573,574,575,-1,575,574,576,-1,575,576,577,-1,577,576,578,-1,577,578,579,-1,579,578,580,-1,579,580,581,-1,581,580,582,-1,583,584,585,-1,583,585,586,-1,584,587,585,-1,585,587,588,-1,585,588,589,-1,589,590,585,-1,585,590,591,-1,585,591,592,-1,592,593,585,-1,585,593,594,-1,585,594,595,-1,586,585,596,-1,596,585,597,-1,596,597,598,-1,598,597,599,-1,598,599,600,-1,600,599,601,-1,600,601,602,-1,602,601,603,-1,602,603,604,-1,604,603,605,-1,604,605,606,-1,606,605,607,-1,606,607,608,-1,608,607,609,-1,608,609,610,-1,610,609,611,-1,610,611,612,-1,613,566,565,-1,614,615,616,-1,617,618,619,-1,619,618,620,-1,621,622,614,-1,614,622,623,-1,614,623,565,-1,565,623,624,-1,565,624,613,-1,611,625,612,-1,612,625,626,-1,612,626,618,-1,618,626,627,-1,618,627,628,-1,629,630,631,-1,631,630,628,-1,628,630,618,-1,618,630,632,-1,618,632,620,-1,633,621,634,-1,634,621,614,-1,634,614,635,-1,635,614,616,-1,633,636,621,-1,621,636,637,-1,621,637,638,-1,629,631,639,-1,639,631,640,-1,639,640,641,-1,638,637,642,-1,642,637,643,-1,642,643,641,-1,641,643,644,-1,641,644,639,-1,645,646,647,-1,648,649,650,-1,650,651,648,-1,648,651,652,-1,648,652,653,-1,649,648,654,-1,654,648,655,-1,654,655,656,-1,657,658,659,-1,659,658,660,-1,659,660,661,-1,661,662,659,-1,659,662,663,-1,659,663,645,-1,645,663,664,-1,645,664,646,-1,659,665,657,-1,657,665,666,-1,657,666,667,-1,667,666,668,-1,667,668,669,-1,670,671,521,-1,672,673,674,-1,674,673,670,-1,674,670,675,-1,675,670,521,-1,675,521,486,-1,652,676,653,-1,653,676,677,-1,653,677,647,-1,647,677,678,-1,647,678,645,-1,645,678,679,-1,645,679,672,-1,672,679,680,-1,672,680,673,-1,681,682,669,-1,683,684,669,-1,669,684,685,-1,669,685,686,-1,550,549,668,-1,668,549,687,-1,688,689,690,-1,687,691,668,-1,668,691,692,-1,668,692,693,-1,694,695,696,-1,696,695,697,-1,697,695,682,-1,682,695,698,-1,682,698,699,-1,700,701,702,-1,689,688,595,-1,595,688,703,-1,595,703,585,-1,585,703,686,-1,686,703,704,-1,686,704,669,-1,693,705,668,-1,668,705,706,-1,668,706,669,-1,669,706,707,-1,669,707,681,-1,690,708,688,-1,688,708,709,-1,688,709,710,-1,710,709,702,-1,710,702,711,-1,711,702,701,-1,712,713,702,-1,702,713,714,-1,702,714,700,-1,699,715,682,-1,682,715,716,-1,682,716,669,-1,669,716,717,-1,669,717,683,-1,718,719,712,-1,712,719,720,-1,712,720,713,-1,721,722,723,-1,724,725,726,-1,726,725,727,-1,726,727,728,-1,728,727,729,-1,728,729,730,-1,730,729,542,-1,730,542,731,-1,731,542,541,-1,731,541,712,-1,712,541,732,-1,712,732,718,-1,733,734,735,-1,735,734,736,-1,729,737,542,-1,542,737,734,-1,542,734,738,-1,738,734,733,-1,694,696,739,-1,739,696,740,-1,739,740,723,-1,723,740,741,-1,723,741,721,-1,742,743,744,-1,744,743,745,-1,745,743,746,-1,746,743,747,-1,746,747,748,-1,746,749,750,-1,748,751,746,-1,746,751,752,-1,746,752,749,-1,722,753,723,-1,723,753,746,-1,723,746,754,-1,754,746,750,-1,755,756,671,-1,671,670,755,-1,755,670,673,-1,755,673,757,-1,757,673,680,-1,757,680,679,-1,758,759,760,-1,760,759,761,-1,760,761,762,-1,762,761,763,-1,762,763,764,-1,764,763,765,-1,764,765,766,-1,766,765,767,-1,766,767,768,-1,768,767,769,-1,768,769,770,-1,770,769,771,-1,770,771,772,-1,772,771,773,-1,772,773,774,-1,773,775,774,-1,774,775,776,-1,774,776,777,-1,777,776,778,-1,777,778,779,-1,779,778,780,-1,779,780,781,-1,781,780,782,-1,781,782,783,-1,783,782,614,-1,783,614,568,-1,568,614,565,-1,568,565,570,-1,570,565,563,-1,570,563,572,-1,572,563,561,-1,572,561,574,-1,561,559,574,-1,574,559,557,-1,574,557,576,-1,576,557,555,-1,576,555,578,-1,578,555,553,-1,578,553,580,-1,580,553,551,-1,580,551,582,-1,582,551,550,-1,582,550,784,-1,784,550,668,-1,784,668,785,-1,785,668,666,-1,785,666,786,-1,786,666,665,-1,786,665,787,-1,665,659,787,-1,787,659,645,-1,787,645,788,-1,788,645,672,-1,788,672,789,-1,789,672,674,-1,789,674,790,-1,790,674,675,-1,790,675,791,-1,791,675,486,-1,791,486,792,-1,792,486,0,-1,792,0,793,-1,793,0,794,-1,793,794,795,-1,795,794,796,-1,795,796,758,-1,758,796,797,-1,758,797,759,-1,798,799,800,-1,800,799,801,-1,800,801,802,-1,802,803,800,-1,800,803,804,-1,800,804,805,-1,805,806,800,-1,800,806,807,-1,800,807,808,-1,808,809,800,-1,800,809,810,-1,800,810,811,-1,812,813,814,-1,814,813,815,-1,814,815,816,-1,816,815,817,-1,816,817,818,-1,818,817,819,-1,818,819,820,-1,820,819,821,-1,820,821,822,-1,822,821,823,-1,822,823,824,-1,824,823,811,-1,824,811,825,-1,825,811,810,-1,813,812,826,-1,826,812,827,-1,567,828,568,-1,568,828,829,-1,568,829,783,-1,830,831,832,-1,827,812,833,-1,833,812,830,-1,833,830,834,-1,835,836,834,-1,837,838,783,-1,834,836,839,-1,838,840,783,-1,783,840,841,-1,783,841,842,-1,829,843,783,-1,783,843,844,-1,783,844,837,-1,837,844,845,-1,837,845,846,-1,846,845,847,-1,832,848,830,-1,830,848,849,-1,830,849,834,-1,834,849,850,-1,834,850,835,-1,845,851,847,-1,847,851,852,-1,847,852,853,-1,853,852,854,-1,854,852,855,-1,854,855,836,-1,836,855,856,-1,836,856,839,-1,857,791,858,-1,858,791,792,-1,857,756,755,-1,859,860,787,-1,861,862,788,-1,788,862,863,-1,788,863,787,-1,787,863,864,-1,787,864,859,-1,865,784,866,-1,866,784,785,-1,866,785,867,-1,867,785,786,-1,867,786,868,-1,868,786,787,-1,868,787,869,-1,869,787,860,-1,870,871,872,-1,871,873,872,-1,872,873,874,-1,872,874,875,-1,875,876,872,-1,872,876,877,-1,872,877,878,-1,878,879,872,-1,872,879,880,-1,872,880,870,-1,861,788,881,-1,881,788,789,-1,881,789,882,-1,879,882,880,-1,880,882,789,-1,880,789,883,-1,883,789,790,-1,883,790,757,-1,757,790,755,-1,755,790,791,-1,755,791,857,-1,884,543,885,-1,886,887,888,-1,581,582,889,-1,889,582,784,-1,890,891,784,-1,784,891,892,-1,784,892,889,-1,893,800,894,-1,894,800,895,-1,894,895,865,-1,888,896,886,-1,886,896,897,-1,886,897,893,-1,893,897,798,-1,893,798,800,-1,898,899,900,-1,895,901,865,-1,865,901,902,-1,865,902,903,-1,904,905,906,-1,906,905,907,-1,906,907,908,-1,887,886,898,-1,898,886,909,-1,898,909,899,-1,908,907,910,-1,910,907,911,-1,910,911,912,-1,865,906,913,-1,913,914,865,-1,865,914,915,-1,865,915,784,-1,784,915,916,-1,784,916,890,-1,544,917,543,-1,543,917,918,-1,543,918,885,-1,900,919,898,-1,898,919,920,-1,898,920,885,-1,885,920,921,-1,885,921,922,-1,922,923,885,-1,885,923,924,-1,885,924,884,-1,903,925,865,-1,865,925,926,-1,865,926,906,-1,906,926,927,-1,906,927,904,-1,928,929,930,-1,931,932,933,-1,933,932,934,-1,933,934,935,-1,931,933,544,-1,544,933,936,-1,544,936,917,-1,917,936,937,-1,917,937,938,-1,938,937,939,-1,938,939,940,-1,940,939,941,-1,940,941,942,-1,943,944,930,-1,945,946,947,-1,943,930,948,-1,949,950,929,-1,929,950,951,-1,929,951,930,-1,947,952,945,-1,945,952,953,-1,945,953,912,-1,912,953,954,-1,912,954,910,-1,946,945,930,-1,930,945,955,-1,930,955,948,-1,944,956,930,-1,930,956,957,-1,930,957,928,-1,642,641,852,-1,852,641,855,-1,581,549,579,-1,579,549,552,-1,579,552,577,-1,577,552,554,-1,577,554,575,-1,613,828,566,-1,566,828,567,-1,566,567,564,-1,564,567,569,-1,564,569,562,-1,562,569,571,-1,562,571,560,-1,560,571,573,-1,560,573,558,-1,558,573,575,-1,558,575,556,-1,556,575,554,-1,585,800,597,-1,597,800,811,-1,597,811,599,-1,599,811,823,-1,599,823,601,-1,601,823,821,-1,601,821,603,-1,603,821,819,-1,826,625,813,-1,813,625,611,-1,813,611,815,-1,815,611,609,-1,815,609,817,-1,817,609,607,-1,817,607,819,-1,819,607,605,-1,819,605,603,-1,747,743,928,-1,928,743,929,-1,945,912,723,-1,723,912,739,-1,741,740,953,-1,953,740,954,-1,825,596,824,-1,824,596,598,-1,824,598,822,-1,822,598,600,-1,822,600,820,-1,958,959,960,-1,960,959,961,-1,960,961,962,-1,962,961,963,-1,962,963,964,-1,964,963,965,-1,964,965,966,-1,966,965,967,-1,600,602,820,-1,820,602,604,-1,820,604,818,-1,818,604,606,-1,818,606,816,-1,816,606,608,-1,816,608,814,-1,814,608,610,-1,814,610,812,-1,812,610,612,-1,812,612,830,-1,830,612,618,-1,830,618,968,-1,968,618,969,-1,968,969,970,-1,970,969,971,-1,970,971,967,-1,967,971,972,-1,967,972,966,-1,689,595,897,-1,897,595,798,-1,730,731,917,-1,917,731,918,-1,737,729,936,-1,936,729,937,-1,749,752,943,-1,943,752,944,-1,930,951,746,-1,746,951,745,-1,544,542,738,-1,544,738,931,-1,931,738,733,-1,931,733,932,-1,932,733,735,-1,932,735,934,-1,934,735,736,-1,934,736,935,-1,935,736,734,-1,935,734,933,-1,933,734,737,-1,933,737,936,-1,730,917,938,-1,730,938,728,-1,728,938,940,-1,728,940,726,-1,726,940,942,-1,726,942,724,-1,724,942,941,-1,724,941,725,-1,725,941,939,-1,725,939,727,-1,727,939,937,-1,727,937,729,-1,918,731,885,-1,885,731,712,-1,885,712,898,-1,898,712,702,-1,898,702,887,-1,887,702,709,-1,887,709,888,-1,888,709,708,-1,888,708,896,-1,896,708,690,-1,896,690,897,-1,897,690,689,-1,805,588,806,-1,806,588,587,-1,806,587,807,-1,807,587,584,-1,807,584,808,-1,808,584,583,-1,808,583,809,-1,809,583,586,-1,809,586,810,-1,810,586,596,-1,810,596,825,-1,798,595,799,-1,799,595,594,-1,799,594,801,-1,801,594,593,-1,801,593,802,-1,802,593,592,-1,802,592,803,-1,803,592,591,-1,803,591,804,-1,804,591,590,-1,804,590,805,-1,805,590,589,-1,805,589,588,-1,741,953,952,-1,741,952,721,-1,721,952,947,-1,721,947,722,-1,722,947,946,-1,722,946,753,-1,753,946,930,-1,753,930,746,-1,945,723,754,-1,945,754,955,-1,955,754,750,-1,955,750,948,-1,948,750,749,-1,948,749,943,-1,747,928,957,-1,747,957,748,-1,748,957,956,-1,748,956,751,-1,751,956,944,-1,751,944,752,-1,745,951,950,-1,745,950,744,-1,744,950,949,-1,744,949,742,-1,742,949,929,-1,742,929,743,-1,828,613,829,-1,829,613,624,-1,829,624,843,-1,843,624,623,-1,843,623,844,-1,844,623,622,-1,844,622,845,-1,845,622,621,-1,845,621,851,-1,851,621,638,-1,851,638,852,-1,852,638,642,-1,625,826,626,-1,626,826,827,-1,626,827,627,-1,627,827,833,-1,627,833,628,-1,628,833,834,-1,628,834,631,-1,631,834,839,-1,631,839,640,-1,640,839,856,-1,640,856,641,-1,641,856,855,-1,739,912,694,-1,694,912,911,-1,694,911,695,-1,695,911,907,-1,695,907,698,-1,698,907,905,-1,698,905,699,-1,699,905,904,-1,699,904,715,-1,715,904,927,-1,715,927,716,-1,716,927,926,-1,716,926,717,-1,717,926,925,-1,717,925,683,-1,683,925,903,-1,683,903,684,-1,684,903,902,-1,684,902,685,-1,685,902,901,-1,685,901,686,-1,686,901,895,-1,686,895,585,-1,585,895,800,-1,549,581,687,-1,687,581,889,-1,687,889,691,-1,691,889,892,-1,691,892,692,-1,692,892,891,-1,692,891,693,-1,693,891,890,-1,693,890,705,-1,705,890,916,-1,705,916,706,-1,706,916,915,-1,954,740,910,-1,910,740,696,-1,910,696,908,-1,908,696,697,-1,908,697,906,-1,906,697,682,-1,906,682,913,-1,913,682,681,-1,913,681,914,-1,914,681,707,-1,914,707,915,-1,915,707,706,-1,615,614,782,-1,615,782,973,-1,973,782,780,-1,973,780,974,-1,974,780,778,-1,974,778,975,-1,975,778,776,-1,975,776,976,-1,976,776,775,-1,976,775,977,-1,977,775,773,-1,977,773,978,-1,978,773,771,-1,978,771,979,-1,979,771,769,-1,979,769,980,-1,981,768,982,-1,982,768,770,-1,982,770,983,-1,983,770,772,-1,983,772,984,-1,984,772,774,-1,984,774,985,-1,985,774,777,-1,985,777,986,-1,986,777,779,-1,986,779,987,-1,987,779,781,-1,987,781,842,-1,842,781,783,-1,988,989,990,-1,990,989,991,-1,990,991,992,-1,992,993,990,-1,990,993,994,-1,990,994,995,-1,995,996,990,-1,990,996,997,-1,990,997,998,-1,998,999,990,-1,990,999,1000,-1,990,1000,1001,-1,1001,1000,958,-1,958,960,1001,-1,1001,960,962,-1,1001,962,1002,-1,1002,962,964,-1,1002,964,1003,-1,1003,964,966,-1,1003,966,1004,-1,1004,966,972,-1,1004,972,1005,-1,1005,972,971,-1,1005,971,1006,-1,1006,971,969,-1,1006,969,1007,-1,1007,969,618,-1,1007,618,617,-1,532,533,535,-1,763,1008,765,-1,765,1008,1009,-1,765,1009,767,-1,761,1010,1011,-1,1011,1012,761,-1,761,1012,1013,-1,761,1013,763,-1,763,1013,1014,-1,763,1014,1008,-1,1015,1016,1017,-1,1015,1017,1018,-1,1016,1019,1017,-1,1017,1019,1020,-1,1017,1020,1021,-1,1022,1023,1017,-1,1017,1023,1024,-1,1017,1024,1018,-1,1021,1025,1017,-1,1017,1025,1026,-1,1017,1026,1022,-1,1027,1028,759,-1,759,1028,1029,-1,1029,1030,759,-1,759,1030,1031,-1,759,1031,761,-1,761,1031,1032,-1,761,1032,1010,-1,1025,1027,1026,-1,1026,1027,759,-1,1026,759,540,-1,540,759,797,-1,540,797,539,-1,539,797,796,-1,539,796,537,-1,537,796,794,-1,537,794,535,-1,535,794,0,-1,535,0,532,-1,1033,1034,1035,-1,1009,1036,1037,-1,980,769,1038,-1,1038,769,767,-1,1038,767,1039,-1,1035,767,1040,-1,1040,767,1041,-1,1042,1043,1044,-1,1045,1046,1043,-1,1043,1046,1047,-1,1043,1047,1044,-1,1037,1048,1009,-1,1009,1048,1049,-1,1009,1049,767,-1,767,1049,1050,-1,767,1050,1041,-1,1033,1035,1051,-1,1051,1035,1052,-1,1051,1052,1053,-1,1054,1055,767,-1,767,1055,1056,-1,767,1056,1039,-1,1044,988,1042,-1,1042,988,990,-1,1042,990,1057,-1,1057,990,1058,-1,1057,1058,1009,-1,1009,1058,1059,-1,1009,1059,1036,-1,1060,1061,1062,-1,1034,1063,1035,-1,1035,1063,1064,-1,1035,1064,767,-1,767,1064,1065,-1,767,1065,1054,-1,1066,1067,1068,-1,1068,1067,1069,-1,1069,1067,1070,-1,1070,1067,1071,-1,1070,1071,1072,-1,1073,547,1074,-1,1074,547,1060,-1,1045,1043,1066,-1,1066,1043,1075,-1,1066,1075,1067,-1,1076,1077,1078,-1,1060,547,1061,-1,1061,547,548,-1,1061,548,1079,-1,1062,1080,1060,-1,1060,1080,1081,-1,1060,1081,1071,-1,1071,1081,1082,-1,1071,1082,1072,-1,1083,1084,1085,-1,1086,1087,1088,-1,1073,1074,1078,-1,1078,1074,1089,-1,1078,1089,1076,-1,1087,1090,1088,-1,1088,1090,1091,-1,1088,1091,1053,-1,1053,1091,1092,-1,1053,1092,1051,-1,548,1093,1079,-1,1079,1093,1094,-1,1079,1094,1095,-1,1095,1094,1096,-1,1095,1096,1097,-1,1086,1088,1098,-1,1098,1088,1085,-1,1098,1085,1099,-1,1100,1101,1088,-1,1088,1101,1102,-1,1088,1102,1085,-1,1085,1102,1103,-1,1085,1103,1083,-1,1104,1105,1099,-1,1099,1105,1106,-1,1099,1106,1098,-1,1107,1108,1109,-1,1110,959,1109,-1,1109,959,1111,-1,1109,1111,1107,-1,1108,1112,1109,-1,1109,1112,1113,-1,1109,1113,1114,-1,1114,1115,1109,-1,1109,1115,1116,-1,1109,1116,1117,-1,1117,1118,1109,-1,1109,1118,1119,-1,1109,1119,1120,-1,831,830,1121,-1,1121,830,968,-1,1121,968,1122,-1,1122,968,970,-1,1122,970,1123,-1,1123,970,967,-1,1123,967,1124,-1,1124,967,965,-1,1124,965,1125,-1,1125,965,963,-1,1125,963,1110,-1,1110,963,961,-1,1110,961,959,-1,858,792,793,-1,1126,1127,758,-1,758,1127,795,-1,795,1127,1128,-1,795,1128,1129,-1,1129,1130,1131,-1,1132,1131,1133,-1,1132,1133,1134,-1,1135,1136,1133,-1,1133,1136,1137,-1,1133,1137,1134,-1,1138,1139,1133,-1,1133,1139,1140,-1,1133,1140,1135,-1,1131,1130,1133,-1,1133,1130,1141,-1,1133,1141,1138,-1,1142,1143,758,-1,758,1143,1144,-1,758,1144,1126,-1,766,1145,764,-1,764,1145,1146,-1,764,1146,762,-1,762,1146,1147,-1,762,1147,760,-1,760,1147,1148,-1,760,1148,758,-1,758,1148,1149,-1,758,1149,1142,-1,1129,1131,795,-1,795,1131,1150,-1,795,1150,793,-1,534,858,536,-1,536,858,793,-1,536,793,538,-1,538,793,1150,-1,768,981,766,-1,766,981,1151,-1,766,1151,1152,-1,1153,1154,1145,-1,1145,1154,1155,-1,1145,1155,1156,-1,1157,1158,1159,-1,1159,1158,1160,-1,1159,1160,1161,-1,1162,766,1163,-1,1163,766,1159,-1,1152,1164,766,-1,766,1164,1165,-1,766,1165,1166,-1,1167,1168,1169,-1,1162,1170,766,-1,766,1170,1171,-1,766,1171,1145,-1,1145,1171,1172,-1,1145,1172,1153,-1,1173,1174,1175,-1,1166,1176,766,-1,766,1176,1177,-1,766,1177,1159,-1,1159,1177,1178,-1,1159,1178,1157,-1,1174,1173,1120,-1,1120,1173,1179,-1,1120,1179,1109,-1,1109,1179,1156,-1,1156,1179,1180,-1,1156,1180,1145,-1,1181,1182,1183,-1,1183,1182,1184,-1,1183,1184,1185,-1,1186,1187,1188,-1,1188,1187,1189,-1,1175,1190,1173,-1,1173,1190,1191,-1,1173,1191,1192,-1,1192,1191,1193,-1,1192,1193,1186,-1,1186,1193,1194,-1,1186,1194,1187,-1,1195,1196,1169,-1,1197,1198,1169,-1,546,1184,1199,-1,1161,1160,1200,-1,1200,1160,1201,-1,1200,1201,1169,-1,1169,1201,1202,-1,1169,1202,1195,-1,1203,1204,1197,-1,1205,1206,1185,-1,1189,1207,1188,-1,1188,1207,1208,-1,1188,1208,1183,-1,1183,1208,1209,-1,1183,1209,1181,-1,1196,1210,1169,-1,1169,1210,1211,-1,1169,1211,1197,-1,1197,1211,1212,-1,1197,1212,1203,-1,1213,1214,1198,-1,1198,1214,1215,-1,1198,1215,1169,-1,1169,1215,1216,-1,1169,1216,1167,-1,1217,1218,1219,-1,1219,1218,1220,-1,1219,1220,1199,-1,1199,1220,1221,-1,1199,1221,546,-1,1184,546,1185,-1,1185,546,545,-1,1185,545,1205,-1,1222,1223,1206,-1,1206,1223,1224,-1,1206,1224,1185,-1,644,643,854,-1,854,643,853,-1,980,981,979,-1,979,981,982,-1,979,982,978,-1,978,982,983,-1,978,983,977,-1,977,983,984,-1,977,984,976,-1,976,984,985,-1,841,616,842,-1,842,616,615,-1,842,615,987,-1,987,615,973,-1,987,973,986,-1,986,973,974,-1,986,974,985,-1,985,974,975,-1,985,975,976,-1,1109,990,1110,-1,1110,990,1001,-1,1110,1001,1125,-1,1125,1001,1002,-1,1125,1002,1124,-1,619,832,617,-1,617,832,831,-1,617,831,1007,-1,1007,831,1121,-1,1007,1121,1006,-1,1006,1121,1122,-1,1006,1122,1005,-1,1005,1122,1123,-1,1005,1123,1004,-1,1004,1123,1124,-1,1004,1124,1003,-1,1003,1124,1002,-1,1099,1085,1197,-1,1197,1085,1198,-1,1200,1169,1053,-1,1053,1169,1088,-1,1092,1091,1201,-1,1201,1091,1202,-1,988,1044,1120,-1,1120,1044,1174,-1,1069,1070,1187,-1,1187,1070,1189,-1,1061,1079,1184,-1,1184,1079,1199,-1,1103,1102,1215,-1,1215,1102,1216,-1,1212,1211,1106,-1,1106,1211,1098,-1,1199,1079,1095,-1,1199,1095,1219,-1,1219,1095,1097,-1,1219,1097,1217,-1,1217,1097,1096,-1,1217,1096,1218,-1,1218,1096,1094,-1,1218,1094,1220,-1,1220,1094,1093,-1,1220,1093,1221,-1,1221,1093,548,-1,1221,548,546,-1,1061,1184,1182,-1,1061,1182,1062,-1,1062,1182,1181,-1,1062,1181,1080,-1,1080,1181,1209,-1,1080,1209,1081,-1,1081,1209,1208,-1,1081,1208,1082,-1,1082,1208,1207,-1,1082,1207,1072,-1,1072,1207,1189,-1,1072,1189,1070,-1,1174,1044,1175,-1,1175,1044,1047,-1,1175,1047,1190,-1,1190,1047,1046,-1,1190,1046,1191,-1,1191,1046,1045,-1,1191,1045,1193,-1,1193,1045,1066,-1,1193,1066,1194,-1,1194,1066,1068,-1,1194,1068,1187,-1,1187,1068,1069,-1,988,1120,989,-1,989,1120,1119,-1,989,1119,991,-1,991,1119,1118,-1,991,1118,992,-1,992,1118,1117,-1,992,1117,993,-1,993,1117,1116,-1,993,1116,994,-1,994,1116,1115,-1,994,1115,995,-1,995,1115,1114,-1,995,1114,996,-1,996,1114,1113,-1,996,1113,997,-1,997,1113,1112,-1,997,1112,998,-1,998,1112,1108,-1,998,1108,999,-1,999,1108,1107,-1,999,1107,1000,-1,1000,1107,1111,-1,1000,1111,958,-1,958,1111,959,-1,1098,1211,1210,-1,1098,1210,1086,-1,1086,1210,1196,-1,1086,1196,1087,-1,1087,1196,1195,-1,1087,1195,1090,-1,1090,1195,1202,-1,1090,1202,1091,-1,1216,1102,1101,-1,1216,1101,1167,-1,1167,1101,1100,-1,1167,1100,1168,-1,1168,1100,1088,-1,1168,1088,1169,-1,1103,1215,1214,-1,1103,1214,1083,-1,1083,1214,1213,-1,1083,1213,1084,-1,1084,1213,1198,-1,1084,1198,1085,-1,1099,1197,1204,-1,1099,1204,1104,-1,1104,1204,1203,-1,1104,1203,1105,-1,1105,1203,1212,-1,1105,1212,1106,-1,853,643,847,-1,847,643,637,-1,847,637,846,-1,846,637,636,-1,846,636,837,-1,837,636,633,-1,837,633,838,-1,838,633,634,-1,838,634,840,-1,840,634,635,-1,840,635,841,-1,841,635,616,-1,644,854,639,-1,639,854,836,-1,639,836,629,-1,629,836,835,-1,629,835,630,-1,630,835,850,-1,630,850,632,-1,632,850,849,-1,632,849,620,-1,620,849,848,-1,620,848,619,-1,619,848,832,-1,1049,1171,1050,-1,1050,1171,1170,-1,1050,1170,1041,-1,1041,1170,1162,-1,1041,1162,1040,-1,1040,1162,1163,-1,1040,1163,1035,-1,1035,1163,1159,-1,1035,1159,1052,-1,1052,1159,1161,-1,1052,1161,1053,-1,1053,1161,1200,-1,990,1109,1058,-1,1058,1109,1156,-1,1058,1156,1059,-1,1059,1156,1155,-1,1059,1155,1036,-1,1036,1155,1154,-1,1036,1154,1037,-1,1037,1154,1153,-1,1037,1153,1048,-1,1048,1153,1172,-1,1048,1172,1049,-1,1049,1172,1171,-1,1065,1176,1054,-1,1054,1176,1166,-1,1054,1166,1055,-1,1055,1166,1165,-1,1055,1165,1056,-1,1056,1165,1164,-1,1056,1164,1039,-1,1039,1164,1152,-1,1039,1152,1038,-1,1038,1152,1151,-1,1038,1151,980,-1,980,1151,981,-1,1176,1065,1177,-1,1177,1065,1064,-1,1177,1064,1178,-1,1178,1064,1063,-1,1178,1063,1157,-1,1157,1063,1034,-1,1157,1034,1158,-1,1158,1034,1033,-1,1158,1033,1160,-1,1160,1033,1051,-1,1160,1051,1201,-1,1201,1051,1092,-1,1149,1148,1013,-1,1013,1148,1147,-1,1013,1147,1014,-1,1014,1147,1146,-1,1180,1057,1145,-1,1145,1057,1009,-1,1145,1009,1146,-1,1146,1009,1008,-1,1146,1008,1014,-1,1074,1060,1185,-1,1185,1060,1183,-1,1141,1130,1021,-1,1021,1130,1025,-1,655,648,878,-1,878,648,879,-1,920,919,714,-1,714,919,700,-1,704,894,669,-1,669,894,865,-1,669,865,667,-1,667,865,866,-1,667,866,657,-1,657,866,867,-1,657,867,658,-1,658,867,868,-1,658,868,869,-1,1015,1140,1016,-1,1016,1140,1139,-1,1016,1139,1019,-1,1019,1139,1138,-1,1019,1138,1020,-1,1020,1138,1141,-1,1020,1141,1021,-1,1023,1134,1024,-1,1024,1134,1137,-1,1024,1137,1018,-1,1018,1137,1136,-1,1018,1136,1015,-1,1015,1136,1135,-1,1015,1135,1140,-1,540,538,1026,-1,1026,538,1150,-1,1026,1150,1022,-1,1022,1150,1131,-1,1022,1131,1023,-1,1023,1131,1132,-1,1023,1132,1134,-1,1074,1185,1224,-1,1074,1224,1089,-1,1089,1224,1223,-1,1089,1223,1076,-1,1076,1223,1222,-1,1076,1222,1077,-1,1077,1222,1206,-1,1077,1206,1078,-1,1078,1206,1205,-1,1078,1205,1073,-1,1073,1205,545,-1,1073,545,547,-1,1183,1060,1188,-1,1188,1060,1071,-1,1188,1071,1186,-1,1186,1071,1067,-1,1186,1067,1192,-1,1192,1067,1075,-1,1192,1075,1173,-1,1173,1075,1043,-1,1173,1043,1179,-1,1179,1043,1042,-1,1179,1042,1180,-1,1180,1042,1057,-1,1149,1013,1012,-1,1149,1012,1142,-1,1142,1012,1011,-1,1142,1011,1143,-1,1143,1011,1010,-1,1143,1010,1144,-1,1010,1032,1144,-1,1144,1032,1031,-1,1144,1031,1126,-1,1031,1030,1126,-1,1126,1030,1029,-1,1126,1029,1127,-1,1127,1029,1028,-1,1127,1028,1128,-1,1128,1028,1027,-1,1128,1027,1129,-1,1129,1027,1025,-1,1129,1025,1130,-1,874,873,652,-1,655,878,656,-1,656,878,877,-1,656,877,654,-1,654,877,876,-1,654,876,649,-1,649,876,875,-1,649,875,650,-1,650,875,874,-1,650,874,651,-1,651,874,652,-1,873,871,652,-1,652,871,870,-1,652,870,676,-1,676,870,677,-1,883,757,679,-1,870,880,677,-1,677,880,883,-1,677,883,678,-1,678,883,679,-1,920,714,713,-1,920,713,921,-1,921,713,720,-1,921,720,922,-1,922,720,719,-1,922,719,923,-1,923,719,718,-1,923,718,924,-1,924,718,732,-1,924,732,884,-1,884,732,541,-1,884,541,543,-1,700,919,701,-1,701,919,900,-1,701,900,711,-1,711,900,899,-1,711,899,710,-1,710,899,909,-1,710,909,688,-1,688,909,886,-1,688,886,703,-1,703,886,893,-1,703,893,704,-1,704,893,894,-1,864,661,859,-1,859,661,660,-1,859,660,860,-1,860,660,658,-1,860,658,869,-1,664,663,864,-1,864,663,662,-1,864,662,661,-1,879,648,882,-1,882,648,653,-1,882,653,881,-1,881,653,647,-1,881,647,861,-1,861,647,646,-1,861,646,862,-1,862,646,664,-1,862,664,863,-1,863,664,864,-1,671,756,521,-1,521,756,857,-1,532,858,533,-1,533,858,534,-1,521,857,532,-1,532,857,858,-1,
        ]
    }
}
Shape{
    appearance Appearance {
        material  Material 	{
            diffuseColor 0.0 0.0 0.0
            specularColor 0.0 0.0 0.0
            ambientIntensity 0.0
            transparency 0.0
            shininess 0.5
        }
    }
    geometry IndexedFaceSet {
        ccw TRUE
        solid FALSE
        coord DEF co Coordinate {
            point [
                0.9882 0.4637 1.248, 1.0012 0.4741 1.248, 0.9837 0.4682 1.248, 0.9966 0.4787 1.248, 0.9738 0.4748 1.248, 0.9823 0.4884 1.248, 0.962 0.4791 1.248, 0.9659 0.4944 1.248, 0.9444 0.481 1.248, 0.9451 0.4967 1.248, 0.9238 0.481 1.248, 0.9063 0.4967 1.248, 0.9238 0.376 1.248, 0.9063 0.3605 1.248, 0.9436 0.376 1.248, 0.9437 0.3605 1.248, 0.9609 0.3779 1.248, 0.965 0.3628 1.248, 0.9726 0.382 1.248, 0.9809 0.3686 1.248, 0.9816 0.3879 1.248, 0.9942 0.3774 1.248, 0.9841 0.3902 1.248, 0.9966 0.3796 1.248, 0.9909 0.3986 1.248, 1.0067 0.3917 1.248, 0.9956 0.4087 1.248, 1.0134 0.4058 1.248, 0.9982 0.4212 1.248, 1.0167 0.4217 1.248, 0.9986 0.4298 1.248, 1.0171 0.4303 1.248, 0.997 0.4455 1.248, 1.0148 0.4494 1.248, 0.9933 0.4558 1.248, 1.0097 0.4623 1.248, 0.9966 0.3796 1.2441, 1.0067 0.3917 1.2441, 1.0134 0.4058 1.2441, 1.0167 0.4217 1.2441, 1.0171 0.4303 1.2441, 1.0148 0.4494 1.2441, 1.0097 0.4623 1.2441, 1.0012 0.4741 1.2441, 0.9966 0.4787 1.2441, 0.9823 0.4884 1.2441, 0.9659 0.4944 1.2441, 0.9451 0.4967 1.2441, 0.9063 0.4967 1.2441, 0.9063 0.3605 1.2441, 0.9437 0.3605 1.2441, 0.965 0.3628 1.2441, 0.9809 0.3686 1.2441, 0.9942 0.3774 1.2441, 0.9837 0.4682 1.2441, 0.9882 0.4637 1.2441, 0.9933 0.4558 1.2441, 0.997 0.4455 1.2441, 0.9986 0.4298 1.2441, 0.9444 0.481 1.2441, 0.962 0.4791 1.2441, 0.9738 0.4748 1.2441, 0.9238 0.481 1.2441, 0.9238 0.376 1.2441, 0.9436 0.376 1.2441, 0.9841 0.3902 1.2441, 0.9816 0.3879 1.2441, 0.9726 0.382 1.2441, 0.9609 0.3779 1.2441, 0.9982 0.4212 1.2441, 0.9956 0.4087 1.2441, 0.9909 0.3986 1.2441
            ]
        }
        coordIndex [
            0,1,2,-1,2,1,3,-1,2,3,4,-1,4,3,5,-1,4,5,6,-1,6,5,7,-1,6,7,8,-1,8,7,9,-1,8,9,10,-1,10,9,11,-1,10,11,12,-1,12,11,13,-1,12,13,14,-1,14,13,15,-1,14,15,16,-1,16,15,17,-1,16,17,18,-1,18,17,19,-1,18,19,20,-1,20,19,21,-1,20,21,22,-1,22,21,23,-1,22,23,24,-1,24,23,25,-1,24,25,26,-1,26,25,27,-1,26,27,28,-1,28,27,29,-1,28,29,30,-1,30,29,31,-1,30,31,32,-1,32,31,33,-1,32,33,34,-1,34,33,35,-1,34,35,0,-1,0,35,1,-1,23,36,37,-1,23,37,25,-1,25,37,38,-1,25,38,27,-1,27,38,39,-1,27,39,29,-1,29,39,40,-1,29,40,31,-1,31,40,41,-1,31,41,33,-1,33,41,42,-1,33,42,35,-1,35,42,43,-1,35,43,1,-1,1,43,44,-1,1,44,3,-1,3,44,45,-1,3,45,5,-1,5,45,46,-1,5,46,7,-1,7,46,47,-1,7,47,9,-1,11,9,48,-1,48,9,47,-1,13,11,49,-1,49,11,48,-1,15,13,50,-1,50,13,49,-1,15,50,51,-1,15,51,17,-1,17,51,52,-1,17,52,19,-1,19,52,53,-1,19,53,21,-1,21,53,36,-1,21,36,23,-1,2,54,55,-1,2,55,0,-1,0,55,56,-1,0,56,34,-1,34,56,57,-1,34,57,32,-1,32,57,58,-1,32,58,30,-1,8,59,60,-1,8,60,6,-1,6,60,61,-1,6,61,4,-1,4,61,54,-1,4,54,2,-1,8,10,59,-1,59,10,62,-1,10,12,62,-1,62,12,63,-1,12,14,63,-1,63,14,64,-1,22,65,66,-1,22,66,20,-1,20,66,67,-1,20,67,18,-1,18,67,68,-1,18,68,16,-1,16,68,64,-1,16,64,14,-1,30,58,69,-1,30,69,28,-1,28,69,70,-1,28,70,26,-1,26,70,71,-1,26,71,24,-1,24,71,65,-1,24,65,22,-1,
        ]
    }
}
Shape{
    appearance Appearance {
        material  Material 	{
            diffuseColor 0.6666666666666666 0.6666666666666666 0.6666666666666666
            specularColor 0.4666666666666667 0.4666666666666667 0.4666666666666667
            ambientIntensity 0.6667
            transparency 0.0
            shininess 0.5
        }
    }
    geometry IndexedFaceSet {
        ccw TRUE
        solid FALSE
        coord DEF co Coordinate {
            point [
                0.9238 0.481 1.2441, 0.9238 0.376 1.2441, 0.9444 0.481 1.2441, 0.9436 0.376 1.2441, 0.9609 0.3779 1.2441, 0.9726 0.382 1.2441, 0.9816 0.3879 1.2441, 0.9841 0.3902 1.2441, 0.9909 0.3986 1.2441, 0.9956 0.4087 1.2441, 0.9982 0.4212 1.2441, 0.9986 0.4298 1.2441, 0.997 0.4455 1.2441, 0.9933 0.4558 1.2441, 0.9882 0.4637 1.2441, 0.9837 0.4682 1.2441, 0.962 0.4791 1.2441, 0.9738 0.4748 1.2441
            ]
        }
        coordIndex [
            0,1,2,-1,2,1,3,-1,2,3,4,-1,4,5,2,-1,2,5,6,-1,2,6,7,-1,7,8,2,-1,2,8,9,-1,2,9,10,-1,10,11,2,-1,2,11,12,-1,2,12,13,-1,13,14,2,-1,2,14,15,-1,2,15,16,-1,16,15,17,-1,
        ]
    }
}
Shape{
    appearance Appearance {
        material  Material 	{
            diffuseColor 0.0 0.0 0.0
            specularColor 0.0 0.0 0.0
            ambientIntensity 0.0
            transparency 0.0
            shininess 0.5
        }
    }
    geometry IndexedFaceSet {
        ccw TRUE
        solid FALSE
        coord DEF co Coordinate {
            point [
                0.7447 0.3845 1.248, 0.7447 0.3845 1.2441, 0.7434 0.38 1.2441, 0.7434 0.38 1.248, 0.7426 0.3767 1.2441, 0.7426 0.3767 1.248, 0.7421 0.3767 1.248, 0.7421 0.3767 1.2441, 0.74 0.3847 1.248, 0.74 0.3847 1.2441, 0.7146 0.4578 1.2441, 0.7146 0.4578 1.248, 0.7228 0.4341 1.2441, 0.6955 0.4578 1.248, 0.6955 0.4578 1.2441, 0.7337 0.3607 1.2441, 0.7337 0.3607 1.248, 0.7228 0.3883 1.2441, 0.7262 0.343 1.2441, 0.7262 0.343 1.248, 0.7331 0.3594 1.2441, 0.7228 0.3368 1.248, 0.7228 0.3369 1.2441, 0.7228 0.3368 1.2441, 0.7196 0.3333 1.2441, 0.7196 0.3333 1.248, 0.7168 0.3313 1.2441, 0.7168 0.3313 1.248, 0.7131 0.3298 1.2441, 0.7131 0.3298 1.248, 0.7087 0.3293 1.2441, 0.7087 0.3293 1.248, 0.7029 0.33 1.2441, 0.7029 0.33 1.248, 0.6991 0.3313 1.2441, 0.6991 0.3313 1.248, 0.6991 0.3161 1.248, 0.6991 0.3161 1.2441, 0.7041 0.315 1.2441, 0.7041 0.315 1.248, 0.7101 0.3147 1.2441, 0.7101 0.3147 1.248, 0.7167 0.3154 1.2441, 0.7167 0.3154 1.248, 0.7228 0.3177 1.2441, 0.7234 0.3179 1.248, 0.7234 0.3179 1.2441, 0.7294 0.322 1.2441, 0.7294 0.322 1.248, 0.7315 0.324 1.2441, 0.7315 0.324 1.248, 0.7388 0.3336 1.2441, 0.7388 0.3336 1.248, 0.7448 0.3458 1.2441, 0.7448 0.3458 1.248, 0.7889 0.4578 1.2441, 0.7889 0.4578 1.248, 0.7501 0.3594 1.2441, 0.7712 0.4578 1.248, 0.7712 0.4578 1.2441, 0.6474 0.3582 1.248, 0.6474 0.3582 1.2441, 0.6615 0.3597 1.248, 0.6581 0.3594 1.2441, 0.6615 0.3597 1.2441, 0.6708 0.363 1.2441, 0.6708 0.363 1.248, 0.6757 0.3659 1.2441, 0.6757 0.3659 1.248, 0.6806 0.3702 1.2441, 0.6806 0.3702 1.248, 0.6838 0.3747 1.2441, 0.6838 0.3747 1.248, 0.6859 0.3801 1.2441, 0.6859 0.3801 1.248, 0.6867 0.387 1.2441, 0.6867 0.387 1.248, 0.6859 0.3934 1.2441, 0.6859 0.3934 1.248, 0.6841 0.3984 1.2441, 0.6841 0.3984 1.248, 0.681 0.403 1.2441, 0.681 0.403 1.248, 0.6769 0.4067 1.2441, 0.6769 0.4067 1.248, 0.6656 0.413 1.2441, 0.6656 0.413 1.248, 0.659 0.4156 1.2441, 0.659 0.4156 1.248, 0.6484 0.4202 1.2441, 0.6484 0.4202 1.248, 0.6424 0.424 1.2441, 0.6424 0.424 1.248, 0.6407 0.4258 1.2441, 0.6407 0.4258 1.248, 0.6395 0.4281 1.2441, 0.6395 0.4281 1.248, 0.6388 0.4308 1.2441, 0.6388 0.4308 1.248, 0.6387 0.433 1.2441, 0.6387 0.433 1.248, 0.639 0.4358 1.2441, 0.639 0.4358 1.248, 0.6398 0.4381 1.2441, 0.6398 0.4381 1.248, 0.6413 0.4402 1.2441, 0.6413 0.4402 1.248, 0.6438 0.4425 1.2441, 0.6438 0.4425 1.248, 0.6477 0.4446 1.2441, 0.6477 0.4446 1.248, 0.6522 0.4458 1.2441, 0.6522 0.4458 1.248, 0.6573 0.4461 1.2441, 0.6573 0.4461 1.248, 0.6692 0.4447 1.2441, 0.6692 0.4447 1.248, 0.6789 0.4409 1.2441, 0.6789 0.4409 1.248, 0.682 0.4391 1.2441, 0.682 0.4391 1.248, 0.682 0.4557 1.248, 0.682 0.4557 1.2441, 0.6709 0.4589 1.2441, 0.6709 0.4589 1.248, 0.659 0.46 1.2441, 0.659 0.46 1.248, 0.6452 0.4583 1.2441, 0.6452 0.4583 1.248, 0.6361 0.4548 1.2441, 0.6361 0.4548 1.248, 0.632 0.4523 1.2441, 0.632 0.4523 1.248, 0.627 0.4478 1.248, 0.6289 0.4494 1.2441, 0.627 0.4478 1.2441, 0.6238 0.4432 1.2441, 0.6238 0.4432 1.248, 0.6218 0.4377 1.2441, 0.6218 0.4377 1.248, 0.6211 0.4315 1.2441, 0.6211 0.4315 1.248, 0.6218 0.4249 1.2441, 0.6218 0.4249 1.248, 0.6237 0.4197 1.2441, 0.6237 0.4197 1.248, 0.6259 0.4161 1.2441, 0.6259 0.4161 1.248, 0.6469 0.4032 1.2441, 0.6469 0.4032 1.248, 0.6367 0.4079 1.248, 0.6287 0.4132 1.2441, 0.6287 0.4132 1.248, 0.6289 0.4131 1.2441, 0.6367 0.4079 1.2441, 0.6581 0.3986 1.2441, 0.6581 0.3986 1.248, 0.6648 0.3945 1.2441, 0.6648 0.3945 1.248, 0.6669 0.3923 1.2441, 0.6669 0.3923 1.248, 0.6682 0.3901 1.2441, 0.6682 0.3901 1.248, 0.669 0.3874 1.2441, 0.669 0.3874 1.248, 0.6692 0.3853 1.2441, 0.6692 0.3853 1.248, 0.6688 0.382 1.2441, 0.6688 0.382 1.248, 0.6679 0.3796 1.2441, 0.6679 0.3796 1.248, 0.6664 0.3774 1.2441, 0.6664 0.3774 1.248, 0.6645 0.3757 1.2441, 0.6645 0.3757 1.248, 0.6629 0.3747 1.2441, 0.6629 0.3747 1.248, 0.6585 0.3731 1.2441, 0.6585 0.3731 1.248, 0.6498 0.3721 1.2441, 0.6498 0.3721 1.248, 0.649 0.3721 1.2441, 0.649 0.3721 1.248, 0.621 0.3815 1.2441, 0.621 0.3815 1.248, 0.6271 0.3777 1.248, 0.6378 0.3735 1.2441, 0.6378 0.3735 1.248, 0.6289 0.377 1.2441, 0.6271 0.3777 1.2441, 0.621 0.3639 1.248, 0.621 0.3639 1.2441, 0.6329 0.3597 1.248, 0.6289 0.3611 1.2441, 0.6364 0.3594 1.2441, 0.6329 0.3597 1.2441, 0.5808 0.3605 1.248, 0.5979 0.3605 1.248, 0.5808 0.3755 1.248, 0.5979 0.4231 1.248, 0.5808 0.4223 1.248, 0.5438 0.402 1.248, 0.5479 0.4039 1.248, 0.558 0.4062 1.248, 0.5808 0.4093 1.248, 0.5808 0.4 1.248, 0.5804 0.3755 1.248, 0.5714 0.3781 1.248, 0.5764 0.3698 1.248, 0.5666 0.3748 1.248, 0.5808 0.3988 1.248, 0.5797 0.3912 1.248, 0.5772 0.3851 1.248, 0.5735 0.3801 1.248, 0.5386 0.3809 1.248, 0.5255 0.3686 1.248, 0.5405 0.378 1.248, 0.5281 0.3659 1.248, 0.542 0.3766 1.248, 0.5331 0.3622 1.248, 0.5454 0.3743 1.248, 0.5395 0.3596 1.248, 0.5492 0.3728 1.248, 0.5474 0.3583 1.248, 0.555 0.3722 1.248, 0.5803 0.4292 1.248, 0.5965 0.4362 1.248, 0.5786 0.4355 1.248, 0.5938 0.4439 1.248, 0.5767 0.4391 1.248, 0.5903 0.4494 1.248, 0.5742 0.442 1.248, 0.5857 0.4537 1.248, 0.5712 0.444 1.248, 0.58 0.4569 1.248, 0.5674 0.4454 1.248, 0.5728 0.4591 1.248, 0.5611 0.4461 1.248, 0.5627 0.46 1.248, 0.5518 0.4453 1.248, 0.5452 0.4578 1.248, 0.5411 0.4418 1.248, 0.5326 0.4529 1.248, 0.5292 0.4344 1.248, 0.5292 0.4509 1.248, 0.5506 0.3582 1.248, 0.56 0.3593 1.248, 0.5614 0.3729 1.248, 0.5668 0.362 1.248, 0.5708 0.3645 1.248, 0.5372 0.3906 1.248, 0.5198 0.3886 1.248, 0.537 0.3879 1.248, 0.5197 0.3865 1.248, 0.5374 0.384 1.248, 0.5204 0.3793 1.248, 0.5224 0.3734 1.248, 0.552 0.4183 1.248, 0.5391 0.4151 1.248, 0.5415 0.4003 1.248, 0.5318 0.4114 1.248, 0.5395 0.3977 1.248, 0.5266 0.4069 1.248, 0.538 0.3945 1.248, 0.5232 0.402 1.248, 0.5208 0.3959 1.248, 0.5611 0.4461 1.2441, 0.5674 0.4454 1.2441, 0.5712 0.444 1.2441, 0.5742 0.442 1.2441, 0.5767 0.4391 1.2441, 0.5786 0.4355 1.2441, 0.5803 0.4292 1.2441, 0.5808 0.4223 1.2441, 0.552 0.4183 1.2441, 0.5391 0.4151 1.2441, 0.5318 0.4114 1.2441, 0.5266 0.4069 1.2441, 0.5232 0.402 1.2441, 0.5208 0.3959 1.2441, 0.5198 0.3886 1.2441, 0.5197 0.3865 1.2441, 0.5204 0.3793 1.2441, 0.5224 0.3734 1.2441, 0.5255 0.3686 1.2441, 0.5281 0.3659 1.2441, 0.5506 0.3582 1.2441, 0.5331 0.3622 1.2441, 0.5395 0.3596 1.2441, 0.5411 0.3594 1.2441, 0.5474 0.3583 1.2441, 0.56 0.3593 1.2441, 0.56 0.3594 1.2441, 0.5668 0.362 1.2441, 0.5708 0.3645 1.2441, 0.5764 0.3698 1.2441, 0.5804 0.3755 1.2441, 0.5808 0.3755 1.2441, 0.5808 0.3605 1.2441, 0.5979 0.3605 1.2441, 0.5979 0.4231 1.2441, 0.5965 0.4362 1.2441, 0.5938 0.4439 1.2441, 0.5903 0.4494 1.2441, 0.5857 0.4537 1.2441, 0.58 0.4569 1.2441, 0.5728 0.4591 1.2441, 0.5627 0.46 1.2441, 0.5452 0.4578 1.2441, 0.5326 0.4529 1.2441, 0.5292 0.4509 1.2441, 0.5292 0.4344 1.2441, 0.5411 0.4418 1.2441, 0.5518 0.4453 1.2441, 0.5735 0.3801 1.2441, 0.5714 0.3781 1.2441, 0.5666 0.3748 1.2441, 0.5614 0.3729 1.2441, 0.555 0.3722 1.2441, 0.5808 0.4 1.2441, 0.5808 0.3988 1.2441, 0.5797 0.3912 1.2441, 0.5772 0.3851 1.2441, 0.5808 0.4093 1.2441, 0.558 0.4062 1.2441, 0.5415 0.4003 1.2441, 0.5438 0.402 1.2441, 0.5479 0.4039 1.2441, 0.537 0.3879 1.2441, 0.5372 0.3906 1.2441, 0.538 0.3945 1.2441, 0.5395 0.3977 1.2441, 0.542 0.3766 1.2441, 0.5405 0.378 1.2441, 0.5386 0.3809 1.2441, 0.5374 0.384 1.2441, 0.5492 0.3728 1.2441, 0.5454 0.3743 1.2441
            ]
        }
        coordIndex [
            0,1,2,-1,0,2,3,-1,3,2,4,-1,3,4,5,-1,6,5,7,-1,7,5,4,-1,8,6,9,-1,9,6,7,-1,10,11,12,-1,12,11,8,-1,12,8,9,-1,13,11,14,-1,14,11,10,-1,15,16,17,-1,17,16,13,-1,17,13,14,-1,18,19,20,-1,20,19,16,-1,20,16,15,-1,19,18,21,-1,21,18,22,-1,22,23,21,-1,21,23,24,-1,21,24,25,-1,25,24,26,-1,25,26,27,-1,27,26,28,-1,27,28,29,-1,29,28,30,-1,29,30,31,-1,31,30,32,-1,31,32,33,-1,33,32,34,-1,33,34,35,-1,36,35,37,-1,37,35,34,-1,36,37,38,-1,36,38,39,-1,39,38,40,-1,39,40,41,-1,41,40,42,-1,41,42,43,-1,43,42,44,-1,43,44,45,-1,44,46,45,-1,45,46,47,-1,45,47,48,-1,48,47,49,-1,48,49,50,-1,50,49,51,-1,50,51,52,-1,52,51,53,-1,52,53,54,-1,55,56,57,-1,57,56,54,-1,57,54,53,-1,58,56,59,-1,59,56,55,-1,0,58,1,-1,1,58,59,-1,3,5,54,-1,56,58,54,-1,54,58,0,-1,54,0,3,-1,11,13,8,-1,8,13,16,-1,8,16,6,-1,35,36,33,-1,33,36,39,-1,33,39,31,-1,31,39,41,-1,31,41,29,-1,29,41,43,-1,29,43,27,-1,27,43,45,-1,27,45,25,-1,25,45,48,-1,25,48,21,-1,21,48,50,-1,21,50,19,-1,19,50,52,-1,19,52,16,-1,16,52,54,-1,16,54,6,-1,6,54,5,-1,60,61,62,-1,62,61,63,-1,63,64,62,-1,62,64,65,-1,62,65,66,-1,66,65,67,-1,66,67,68,-1,68,67,69,-1,68,69,70,-1,70,69,71,-1,70,71,72,-1,72,71,73,-1,72,73,74,-1,74,73,75,-1,74,75,76,-1,76,75,77,-1,76,77,78,-1,78,77,79,-1,78,79,80,-1,80,79,81,-1,80,81,82,-1,82,81,83,-1,82,83,84,-1,84,83,85,-1,84,85,86,-1,86,85,87,-1,86,87,88,-1,88,87,89,-1,88,89,90,-1,90,89,91,-1,90,91,92,-1,92,91,93,-1,92,93,94,-1,94,93,95,-1,94,95,96,-1,96,95,97,-1,96,97,98,-1,98,97,99,-1,98,99,100,-1,100,99,101,-1,100,101,102,-1,102,101,103,-1,102,103,104,-1,104,103,105,-1,104,105,106,-1,106,105,107,-1,106,107,108,-1,108,107,109,-1,108,109,110,-1,110,109,111,-1,110,111,112,-1,112,111,113,-1,112,113,114,-1,114,113,115,-1,114,115,116,-1,116,115,117,-1,116,117,118,-1,118,117,119,-1,118,119,120,-1,121,120,122,-1,122,120,119,-1,121,122,123,-1,121,123,124,-1,124,123,125,-1,124,125,126,-1,126,125,127,-1,126,127,128,-1,128,127,129,-1,128,129,130,-1,130,129,131,-1,130,131,132,-1,132,131,133,-1,133,131,134,-1,134,135,133,-1,133,135,136,-1,133,136,137,-1,137,136,138,-1,137,138,139,-1,139,138,140,-1,139,140,141,-1,141,140,142,-1,141,142,143,-1,143,142,144,-1,143,144,145,-1,145,144,146,-1,145,146,147,-1,148,149,150,-1,147,146,151,-1,147,151,152,-1,152,151,153,-1,152,153,150,-1,150,153,154,-1,150,154,148,-1,149,148,155,-1,149,155,156,-1,156,155,157,-1,156,157,158,-1,158,157,159,-1,158,159,160,-1,160,159,161,-1,160,161,162,-1,162,161,163,-1,162,163,164,-1,164,163,165,-1,164,165,166,-1,166,165,167,-1,166,167,168,-1,168,167,169,-1,168,169,170,-1,170,169,171,-1,170,171,172,-1,172,171,173,-1,172,173,174,-1,174,173,175,-1,174,175,176,-1,176,175,177,-1,176,177,178,-1,178,177,179,-1,178,179,180,-1,180,179,181,-1,180,181,182,-1,183,184,185,-1,182,181,186,-1,182,186,187,-1,187,186,188,-1,187,188,185,-1,185,188,189,-1,185,189,183,-1,190,184,191,-1,191,184,183,-1,190,191,192,-1,192,191,193,-1,61,60,194,-1,194,60,192,-1,194,192,195,-1,195,192,193,-1,106,108,130,-1,130,108,128,-1,156,88,149,-1,149,88,90,-1,66,68,172,-1,172,68,70,-1,172,70,170,-1,170,70,72,-1,170,72,168,-1,168,72,74,-1,168,74,166,-1,166,74,76,-1,166,76,164,-1,164,76,78,-1,164,78,162,-1,162,78,80,-1,162,80,160,-1,160,80,82,-1,160,82,158,-1,158,82,84,-1,158,84,156,-1,156,84,86,-1,156,86,88,-1,60,182,192,-1,192,182,187,-1,192,187,190,-1,190,187,185,-1,190,185,184,-1,108,110,128,-1,128,110,112,-1,128,112,126,-1,126,112,114,-1,126,114,124,-1,124,114,116,-1,124,116,121,-1,121,116,118,-1,121,118,120,-1,172,174,66,-1,66,174,176,-1,66,176,62,-1,62,176,178,-1,62,178,60,-1,60,178,180,-1,60,180,182,-1,130,132,106,-1,106,132,133,-1,106,133,104,-1,104,133,137,-1,104,137,102,-1,102,137,139,-1,102,139,100,-1,100,139,141,-1,100,141,98,-1,98,141,143,-1,98,143,96,-1,96,143,145,-1,96,145,94,-1,94,145,147,-1,94,147,92,-1,92,147,152,-1,92,152,90,-1,90,152,150,-1,90,150,149,-1,196,197,198,-1,198,197,199,-1,200,201,202,-1,203,204,199,-1,199,204,205,-1,206,207,208,-1,208,207,209,-1,205,210,199,-1,199,210,211,-1,199,211,198,-1,198,211,212,-1,198,212,206,-1,206,212,213,-1,206,213,207,-1,214,215,216,-1,216,215,217,-1,216,217,218,-1,218,217,219,-1,218,219,220,-1,220,219,221,-1,220,221,222,-1,222,221,223,-1,222,223,224,-1,202,203,200,-1,200,203,199,-1,200,199,225,-1,225,199,226,-1,225,226,227,-1,227,226,228,-1,227,228,229,-1,229,228,230,-1,229,230,231,-1,231,230,232,-1,231,232,233,-1,233,232,234,-1,233,234,235,-1,235,234,236,-1,235,236,237,-1,237,236,238,-1,237,238,239,-1,239,238,240,-1,239,240,241,-1,241,240,242,-1,241,242,243,-1,243,242,244,-1,223,245,224,-1,224,245,246,-1,224,246,247,-1,247,246,248,-1,247,248,209,-1,209,248,249,-1,209,249,208,-1,250,251,252,-1,252,251,253,-1,252,253,254,-1,254,253,255,-1,254,255,214,-1,214,255,256,-1,214,256,215,-1,200,257,201,-1,201,257,258,-1,201,258,259,-1,259,258,260,-1,259,260,261,-1,261,260,262,-1,261,262,263,-1,263,262,264,-1,263,264,250,-1,250,264,265,-1,250,265,251,-1,237,266,267,-1,237,267,235,-1,235,267,268,-1,235,268,233,-1,233,268,269,-1,233,269,231,-1,231,269,270,-1,231,270,229,-1,229,270,271,-1,229,271,227,-1,227,271,272,-1,227,272,225,-1,225,272,273,-1,225,273,200,-1,257,200,274,-1,274,200,273,-1,257,274,275,-1,257,275,258,-1,258,275,276,-1,258,276,260,-1,260,276,277,-1,260,277,262,-1,262,277,278,-1,262,278,264,-1,264,278,279,-1,264,279,265,-1,265,279,280,-1,265,280,251,-1,251,280,281,-1,251,281,253,-1,253,281,282,-1,253,282,255,-1,255,282,283,-1,255,283,256,-1,256,283,284,-1,256,284,215,-1,215,284,285,-1,215,285,217,-1,286,245,223,-1,217,285,287,-1,217,287,219,-1,219,287,288,-1,219,288,221,-1,221,288,289,-1,221,289,223,-1,223,289,290,-1,223,290,286,-1,245,286,291,-1,245,291,246,-1,246,291,292,-1,246,292,248,-1,292,293,248,-1,248,293,294,-1,248,294,249,-1,249,294,295,-1,249,295,208,-1,208,295,296,-1,208,296,206,-1,198,206,297,-1,297,206,296,-1,196,198,298,-1,298,198,297,-1,197,196,299,-1,299,196,298,-1,199,197,300,-1,300,197,299,-1,199,300,301,-1,199,301,226,-1,226,301,302,-1,226,302,228,-1,228,302,303,-1,228,303,230,-1,230,303,304,-1,230,304,232,-1,232,304,305,-1,232,305,234,-1,234,305,306,-1,234,306,236,-1,236,306,307,-1,236,307,238,-1,238,307,308,-1,238,308,240,-1,240,308,309,-1,240,309,242,-1,242,309,310,-1,242,310,244,-1,243,244,311,-1,311,244,310,-1,243,311,312,-1,243,312,241,-1,241,312,313,-1,241,313,239,-1,239,313,266,-1,239,266,237,-1,213,314,315,-1,213,315,207,-1,207,315,316,-1,207,316,209,-1,209,316,317,-1,209,317,247,-1,247,317,318,-1,247,318,224,-1,205,319,320,-1,205,320,210,-1,210,320,321,-1,210,321,211,-1,211,321,322,-1,211,322,212,-1,212,322,314,-1,212,314,213,-1,205,204,319,-1,319,204,323,-1,204,203,323,-1,323,203,324,-1,259,325,326,-1,259,326,201,-1,201,326,327,-1,201,327,202,-1,202,327,324,-1,202,324,203,-1,252,328,329,-1,252,329,250,-1,250,329,330,-1,250,330,263,-1,263,330,331,-1,263,331,261,-1,261,331,325,-1,261,325,259,-1,218,332,333,-1,218,333,216,-1,216,333,334,-1,216,334,214,-1,214,334,335,-1,214,335,254,-1,254,335,328,-1,254,328,252,-1,224,318,336,-1,224,336,222,-1,222,336,337,-1,222,337,220,-1,220,337,332,-1,220,332,218,-1,
        ]
    }
}
Shape{
    appearance Appearance {
        material  Material 	{
            diffuseColor 0.6666666666666666 0.6666666666666666 0.6666666666666666
            specularColor 0.4666666666666667 0.4666666666666667 0.4666666666666667
            ambientIntensity 0.6667
            transparency 0.0
            shininess 0.5
        }
    }
    geometry IndexedFaceSet {
        ccw TRUE
        solid FALSE
        coord DEF co Coordinate {
            point [
                0.5808 0.4093 1.2441, 0.558 0.4062 1.2441, 0.5808 0.4 1.2441, 0.5479 0.4039 1.2441, 0.5438 0.402 1.2441, 0.5415 0.4003 1.2441, 0.5808 0.3988 1.2441, 0.5797 0.3912 1.2441, 0.5395 0.3977 1.2441, 0.5772 0.3851 1.2441, 0.5405 0.378 1.2441, 0.542 0.3766 1.2441, 0.5714 0.3781 1.2441, 0.5386 0.3809 1.2441, 0.5666 0.3748 1.2441, 0.5614 0.3729 1.2441, 0.555 0.3722 1.2441, 0.538 0.3945 1.2441, 0.5372 0.3906 1.2441, 0.5735 0.3801 1.2441, 0.537 0.3879 1.2441, 0.5374 0.384 1.2441, 0.5454 0.3743 1.2441, 0.5492 0.3728 1.2441
            ]
        }
        coordIndex [
            0,1,2,-1,2,1,3,-1,3,4,2,-1,2,4,5,-1,2,5,6,-1,6,5,7,-1,7,5,8,-1,7,8,9,-1,10,11,12,-1,10,12,13,-1,14,12,15,-1,15,12,16,-1,8,17,9,-1,9,17,18,-1,9,18,19,-1,19,18,20,-1,19,20,12,-1,12,20,21,-1,12,21,13,-1,11,22,12,-1,12,22,23,-1,12,23,16,-1,
        ]
    }
}
Shape{
    appearance Appearance {
        material  Material 	{
            diffuseColor 0.0 0.0 0.0
            specularColor 0.0 0.0 0.0
            ambientIntensity 0.0
            transparency 0.0
            shininess 0.5
        }
    }
    geometry IndexedFaceSet {
        ccw TRUE
        solid FALSE
        coord DEF co Coordinate {
            point [
                -0.1713 0.3413 1.248, -0.157 0.3235 1.248, -0.18 0.4268 1.248, -0.1967 0.5952 1.248, -0.1751 0.6066 1.248, -0.1805 0.6661 1.248, -0.12 0.6689 1.248, -0.09 0.5982 1.248, -0.0751 0.629 1.248, 0.0078 0.3929 1.248, 0.0078 0.4026 1.248, -0.0743 0.4263 1.248, -0.0835 0.4292 1.248, -0.1423 0.6708 1.248, -0.0598 0.4147 1.248, -0.0553 0.4069 1.248, 0.0073 0.3831 1.248, 0.1434 0.4743 1.248, 0.1133 0.5256 1.248, -0.0164 0.4578 1.248, -0.09 0.4297 1.248, -0.0991 0.4286 1.248, -0.112 0.4879 1.248, -0.1076 0.4253 1.248, -0.1334 0.4798 1.248, -0.1152 0.42 1.248, -0.1533 0.466 1.248, -0.1199 0.415 1.248, -0.1693 0.4477 1.248, -0.1247 0.4068 1.248, -0.1273 0.3976 1.248, -0.0538 0.4842 1.248, -0.0772 0.49 1.248, -0.089 0.4907 1.248, -0.0663 0.4214 1.248, -0.1154 0.3641 1.248, -0.1077 0.3587 1.248, -0.138 0.3092 1.248, -0.0988 0.3553 1.248, -0.1002 0.692 1.248, -0.0533 0.6549 1.248, -0.0774 0.7115 1.248, -0.0277 0.6737 1.248, -0.0538 0.7261 1.248, -0.2008 0.4396 1.248, -0.1934 0.3657 1.248, -0.181 0.362 1.248, -0.1511 0.6122 1.248, -0.1413 0.6127 1.248, -0.1311 0.6702 1.248, -0.1189 0.61 1.248, -0.0972 0.6022 1.248, -0.0333 0.4732 1.248, 0.1753 0.5701 1.248, 0.1831 0.5701 1.248, 0.2228 0.6224 1.248, 0.2014 0.5679 1.248, 0.2318 0.6192 1.248, 0.2183 0.5614 1.248, 0.2602 0.6039 1.248, 0.2333 0.5509 1.248, 0.2856 0.5809 1.248, 0.2447 0.5382 1.248, 0.3044 0.5528 1.248, 0.2536 0.5215 1.248, 0.3152 0.5229 1.248, 0.2581 0.5029 1.248, 0.3186 0.4956 1.248, 0.2586 0.4946 1.248, 0.3184 0.4879 1.248, 0.2563 0.4758 1.248, 0.1351 0.3603 1.248, 0.1376 0.36 1.248, 0.1453 0.4191 1.248, -0.2353 0.5393 1.248, -0.2989 0.523 1.248, -0.2381 0.5159 1.248, -0.2991 0.514 1.248, -0.2371 0.5021 1.248, -0.2944 0.4758 1.248, -0.2305 0.4783 1.248, -0.2804 0.4398 1.248, -0.2182 0.4573 1.248, -0.2585 0.4084 1.248, -0.2284 0.3828 1.248, -0.1215 0.3711 1.248, -0.1255 0.3792 1.248, -0.1276 0.3882 1.248, 0.1889 0.4191 1.248, 0.1947 0.36 1.248, 0.2061 0.4224 1.248, 0.2223 0.3654 1.248, 0.2232 0.4302 1.248, 0.2523 0.3787 1.248, 0.2375 0.4419 1.248, 0.2781 0.3987 1.248, 0.239 0.4434 1.248, 0.2828 0.4036 1.248, 0.2496 0.4586 1.248, 0.2996 0.4261 1.248, 0.3128 0.4562 1.248, 0.1705 0.6989 1.248, 0.132 0.6549 1.248, 0.2023 0.6622 1.248, 0.154 0.629 1.248, 0.1691 0.5978 1.248, -0.2164 0.6521 1.248, -0.2472 0.6304 1.248, -0.2136 0.5802 1.248, -0.2536 0.6244 1.248, -0.227 0.5609 1.248, -0.277 0.5943 1.248, -0.2924 0.5594 1.248, -0.0527 0.3981 1.248, -0.0524 0.3887 1.248, 0.0017 0.3592 1.248, -0.0544 0.3793 1.248, -0.0097 0.3376 1.248, -0.0587 0.3709 1.248, -0.0248 0.3207 1.248, -0.0649 0.3638 1.248, -0.0441 0.3073 1.248, -0.0723 0.3586 1.248, -0.0657 0.299 1.248, -0.0807 0.3554 1.248, -0.089 0.2961 1.248, -0.09 0.3542 1.248, -0.0928 0.2962 1.248, -0.1157 0.2998 1.248, -0.0092 0.7433 1.248, 0.0039 0.6865 1.248, 0.0388 0.7493 1.248, 0.0398 0.6912 1.248, 0.0787 0.7451 1.248, 0.0728 0.6871 1.248, 0.1273 0.7279 1.248, 0.1032 0.6754 1.248, 0.1303 0.6564 1.248, 0.1102 0.3838 1.248, 0.1404 0.42 1.248, 0.1095 0.39 1.248, 0.1395 0.4201 1.248, 0.1097 0.3934 1.248, 0.1331 0.4194 1.248, 0.1264 0.417 1.248, 0.1125 0.3772 1.248, 0.1165 0.371 1.248, 0.1218 0.3659 1.248, 0.1433 0.4193 1.248, 0.1286 0.3621 1.248, 0.1203 0.413 1.248, 0.1151 0.4075 1.248, 0.1115 0.4008 1.248, 0.3186 0.4956 1.2441, 0.3152 0.5229 1.2441, 0.3107 0.5355 1.2441, 0.3044 0.5528 1.2441, 0.2856 0.5809 1.2441, 0.2602 0.6039 1.2441, 0.2318 0.6192 1.2441, 0.2228 0.6224 1.2441, 0.2023 0.6622 1.2441, 0.1705 0.6989 1.2441, 0.1482 0.7139 1.2441, 0.1273 0.7279 1.2441, 0.0787 0.7451 1.2441, 0.0388 0.7493 1.2441, -0.0092 0.7433 1.2441, -0.0538 0.7261 1.2441, -0.0736 0.7139 1.2441, -0.0774 0.7115 1.2441, -0.1002 0.692 1.2441, -0.12 0.6689 1.2441, -0.1311 0.6702 1.2441, -0.1423 0.6708 1.2441, -0.1805 0.6661 1.2441, -0.2164 0.6521 1.2441, -0.2472 0.6304 1.2441, -0.2536 0.6244 1.2441, -0.2991 0.514 1.2441, -0.277 0.5943 1.2441, -0.2924 0.5594 1.2441, -0.2967 0.5355 1.2441, -0.2989 0.523 1.2441, -0.2944 0.4758 1.2441, -0.2804 0.4398 1.2441, -0.2585 0.4084 1.2441, -0.2284 0.3828 1.2441, -0.1934 0.3657 1.2441, -0.181 0.362 1.2441, -0.1798 0.3594 1.2441, -0.1713 0.3413 1.2441, -0.157 0.3235 1.2441, -0.138 0.3092 1.2441, -0.129 0.3054 1.2441, -0.1157 0.2998 1.2441, -0.0928 0.2962 1.2441, -0.089 0.2961 1.2441, 0.0078 0.3929 1.2441, -0.0657 0.299 1.2441, -0.0489 0.3054 1.2441, -0.0441 0.3073 1.2441, -0.0248 0.3207 1.2441, -0.0097 0.3376 1.2441, 0.0017 0.3592 1.2441, 0.0017 0.3594 1.2441, 0.0073 0.3831 1.2441, 0.0078 0.4026 1.2441, 0.1434 0.4743 1.2441, 0.1133 0.5256 1.2441, -0.0164 0.4578 1.2441, -0.0333 0.4732 1.2441, -0.0538 0.4842 1.2441, -0.0772 0.49 1.2441, -0.089 0.4907 1.2441, -0.112 0.4879 1.2441, -0.1334 0.4798 1.2441, -0.1533 0.466 1.2441, -0.1693 0.4477 1.2441, -0.18 0.4268 1.2441, -0.2008 0.4396 1.2441, -0.2182 0.4573 1.2441, -0.2305 0.4783 1.2441, -0.2371 0.5021 1.2441, -0.2381 0.5159 1.2441, -0.2357 0.5355 1.2441, -0.2353 0.5393 1.2441, -0.227 0.5609 1.2441, -0.2136 0.5802 1.2441, -0.1967 0.5952 1.2441, -0.1751 0.6066 1.2441, -0.1511 0.6122 1.2441, -0.1413 0.6127 1.2441, -0.1189 0.61 1.2441, -0.0972 0.6022 1.2441, -0.09 0.5982 1.2441, -0.0751 0.629 1.2441, -0.0533 0.6549 1.2441, -0.0277 0.6737 1.2441, 0.0039 0.6865 1.2441, 0.0398 0.6912 1.2441, 0.0728 0.6871 1.2441, 0.1032 0.6754 1.2441, 0.1303 0.6564 1.2441, 0.132 0.6549 1.2441, 0.154 0.629 1.2441, 0.1691 0.5978 1.2441, 0.1753 0.5701 1.2441, 0.1831 0.5701 1.2441, 0.2014 0.5679 1.2441, 0.2183 0.5614 1.2441, 0.2333 0.5509 1.2441, 0.2447 0.5382 1.2441, 0.2462 0.5355 1.2441, 0.2536 0.5215 1.2441, 0.2581 0.5029 1.2441, 0.2586 0.4946 1.2441, 0.2563 0.4758 1.2441, 0.2496 0.4586 1.2441, 0.239 0.4434 1.2441, 0.2375 0.4419 1.2441, 0.2232 0.4302 1.2441, 0.2061 0.4224 1.2441, 0.1889 0.4191 1.2441, 0.1453 0.4191 1.2441, 0.1433 0.4193 1.2441, 0.1404 0.42 1.2441, 0.1395 0.4201 1.2441, 0.1331 0.4194 1.2441, 0.1264 0.417 1.2441, 0.1203 0.413 1.2441, 0.1151 0.4075 1.2441, 0.1115 0.4008 1.2441, 0.1097 0.3934 1.2441, 0.1095 0.39 1.2441, 0.1102 0.3838 1.2441, 0.1125 0.3772 1.2441, 0.1165 0.371 1.2441, 0.1218 0.3659 1.2441, 0.1286 0.3621 1.2441, 0.1351 0.3603 1.2441, 0.1376 0.36 1.2441, 0.1947 0.36 1.2441, 0.2223 0.3654 1.2441, 0.2523 0.3787 1.2441, 0.2781 0.3987 1.2441, 0.2828 0.4036 1.2441, 0.2996 0.4261 1.2441, 0.3128 0.4562 1.2441, 0.3184 0.4879 1.2441, -0.09 0.4297 1.2441, -0.0835 0.4292 1.2441, -0.0743 0.4263 1.2441, -0.0663 0.4214 1.2441, -0.0598 0.4147 1.2441, -0.0553 0.4069 1.2441, -0.0527 0.3981 1.2441, -0.0524 0.3887 1.2441, -0.0544 0.3793 1.2441, -0.0587 0.3709 1.2441, -0.0649 0.3638 1.2441, -0.0723 0.3586 1.2441, -0.0807 0.3554 1.2441, -0.09 0.3542 1.2441, -0.0988 0.3553 1.2441, -0.1077 0.3587 1.2441, -0.1154 0.3641 1.2441, -0.1215 0.3711 1.2441, -0.1255 0.3792 1.2441, -0.1276 0.3882 1.2441, -0.1273 0.3976 1.2441, -0.1247 0.4068 1.2441, -0.1199 0.415 1.2441, -0.1152 0.42 1.2441, -0.1076 0.4253 1.2441, -0.0991 0.4286 1.2441
            ]
        }
        coordIndex [
            0,1,2,-1,3,4,5,-1,6,7,8,-1,9,10,11,-1,11,10,12,-1,5,4,13,-1,14,15,16,-1,17,18,10,-1,10,18,19,-1,10,19,12,-1,12,19,20,-1,21,22,23,-1,23,22,24,-1,23,24,25,-1,25,24,26,-1,25,26,27,-1,27,26,28,-1,27,28,29,-1,29,28,2,-1,29,2,30,-1,31,32,21,-1,21,32,33,-1,21,33,22,-1,9,11,16,-1,16,11,34,-1,16,34,14,-1,35,1,36,-1,36,1,37,-1,36,37,38,-1,6,8,39,-1,39,8,40,-1,39,40,41,-1,41,40,42,-1,41,42,43,-1,44,45,2,-1,2,45,46,-1,2,46,0,-1,4,47,13,-1,13,47,48,-1,13,48,49,-1,49,48,50,-1,49,50,6,-1,6,50,51,-1,6,51,7,-1,20,19,21,-1,21,19,52,-1,21,52,31,-1,53,54,55,-1,55,54,56,-1,55,56,57,-1,57,56,58,-1,57,58,59,-1,59,58,60,-1,59,60,61,-1,61,60,62,-1,61,62,63,-1,63,62,64,-1,63,64,65,-1,65,64,66,-1,65,66,67,-1,67,66,68,-1,67,68,69,-1,69,68,70,-1,71,72,73,-1,74,75,76,-1,76,75,77,-1,76,77,78,-1,78,77,79,-1,78,79,80,-1,80,79,81,-1,80,81,82,-1,82,81,83,-1,82,83,44,-1,44,83,84,-1,44,84,45,-1,35,85,1,-1,1,85,86,-1,1,86,2,-1,2,86,87,-1,2,87,30,-1,73,72,88,-1,88,72,89,-1,88,89,90,-1,90,89,91,-1,90,91,92,-1,92,91,93,-1,92,93,94,-1,94,93,95,-1,94,95,96,-1,96,95,97,-1,96,97,98,-1,98,97,99,-1,98,99,70,-1,70,99,100,-1,70,100,69,-1,101,102,103,-1,103,102,104,-1,103,104,55,-1,55,104,105,-1,55,105,53,-1,5,106,3,-1,3,106,107,-1,3,107,108,-1,108,107,109,-1,108,109,110,-1,110,109,111,-1,110,111,74,-1,74,111,112,-1,74,112,75,-1,15,113,16,-1,16,113,114,-1,16,114,115,-1,115,114,116,-1,115,116,117,-1,117,116,118,-1,117,118,119,-1,119,118,120,-1,119,120,121,-1,121,120,122,-1,121,122,123,-1,123,122,124,-1,123,124,125,-1,125,124,126,-1,125,126,127,-1,127,126,38,-1,127,38,128,-1,128,38,37,-1,43,42,129,-1,129,42,130,-1,129,130,131,-1,131,130,132,-1,131,132,133,-1,133,132,134,-1,133,134,135,-1,135,134,136,-1,135,136,101,-1,101,136,137,-1,101,137,102,-1,138,139,140,-1,140,139,141,-1,140,141,142,-1,142,141,143,-1,142,143,144,-1,138,145,139,-1,139,145,146,-1,139,146,147,-1,73,148,71,-1,71,148,139,-1,71,139,149,-1,149,139,147,-1,144,150,142,-1,142,150,151,-1,142,151,152,-1,67,153,154,-1,67,154,65,-1,65,154,155,-1,65,155,63,-1,155,156,63,-1,63,156,157,-1,63,157,61,-1,61,157,158,-1,61,158,59,-1,59,158,159,-1,59,159,57,-1,57,159,160,-1,57,160,55,-1,55,160,161,-1,55,161,103,-1,103,161,162,-1,103,162,101,-1,135,101,163,-1,163,101,162,-1,163,164,135,-1,135,164,165,-1,135,165,133,-1,133,165,166,-1,133,166,131,-1,131,166,167,-1,131,167,129,-1,129,167,168,-1,129,168,43,-1,43,168,41,-1,41,168,169,-1,41,169,170,-1,41,170,171,-1,41,171,39,-1,39,171,172,-1,39,172,6,-1,6,172,173,-1,6,173,49,-1,49,173,174,-1,49,174,13,-1,13,174,175,-1,13,175,5,-1,5,175,176,-1,5,176,106,-1,106,176,177,-1,106,177,107,-1,107,177,178,-1,107,178,109,-1,179,77,75,-1,109,178,180,-1,109,180,111,-1,111,180,181,-1,111,181,112,-1,112,181,182,-1,112,182,75,-1,75,182,183,-1,75,183,179,-1,77,179,184,-1,77,184,79,-1,79,184,185,-1,79,185,81,-1,81,185,186,-1,81,186,83,-1,83,186,187,-1,83,187,84,-1,84,187,188,-1,84,188,45,-1,45,188,189,-1,45,189,46,-1,46,189,190,-1,46,190,0,-1,190,191,0,-1,0,191,192,-1,0,192,1,-1,1,192,193,-1,1,193,37,-1,37,193,194,-1,37,194,128,-1,194,195,128,-1,128,195,196,-1,128,196,127,-1,127,196,197,-1,127,197,125,-1,198,9,16,-1,125,197,199,-1,200,121,199,-1,199,121,123,-1,199,123,125,-1,200,201,121,-1,121,201,202,-1,121,202,119,-1,119,202,203,-1,119,203,117,-1,117,203,204,-1,117,204,115,-1,115,204,205,-1,115,205,16,-1,16,205,206,-1,16,206,198,-1,10,9,207,-1,207,9,198,-1,17,10,208,-1,208,10,207,-1,18,17,209,-1,209,17,208,-1,19,18,210,-1,210,18,209,-1,19,210,211,-1,19,211,52,-1,52,211,212,-1,52,212,31,-1,31,212,213,-1,31,213,32,-1,32,213,214,-1,32,214,33,-1,33,214,215,-1,33,215,22,-1,22,215,216,-1,22,216,24,-1,24,216,217,-1,24,217,26,-1,26,217,218,-1,26,218,28,-1,28,218,219,-1,28,219,2,-1,2,219,220,-1,2,220,44,-1,44,220,221,-1,44,221,82,-1,82,221,222,-1,82,222,80,-1,80,222,223,-1,80,223,78,-1,78,223,224,-1,78,224,76,-1,76,224,74,-1,74,224,225,-1,225,226,74,-1,74,226,227,-1,74,227,110,-1,110,227,228,-1,110,228,108,-1,108,228,229,-1,108,229,3,-1,3,229,230,-1,3,230,4,-1,4,230,231,-1,4,231,47,-1,47,231,232,-1,47,232,48,-1,48,232,233,-1,48,233,50,-1,50,233,234,-1,50,234,51,-1,51,234,235,-1,51,235,7,-1,7,235,236,-1,7,236,8,-1,8,236,237,-1,8,237,40,-1,40,237,238,-1,40,238,42,-1,42,238,239,-1,42,239,130,-1,130,239,240,-1,130,240,132,-1,132,240,241,-1,132,241,134,-1,134,241,242,-1,134,242,136,-1,136,242,243,-1,136,243,137,-1,137,243,244,-1,137,244,102,-1,102,244,245,-1,102,245,104,-1,104,245,246,-1,104,246,105,-1,105,246,247,-1,105,247,53,-1,54,53,248,-1,248,53,247,-1,54,248,249,-1,54,249,56,-1,56,249,250,-1,56,250,58,-1,58,250,251,-1,58,251,60,-1,60,251,252,-1,60,252,62,-1,62,252,253,-1,62,253,64,-1,253,254,64,-1,64,254,255,-1,64,255,66,-1,66,255,256,-1,66,256,68,-1,68,256,257,-1,68,257,70,-1,70,257,258,-1,70,258,98,-1,98,258,259,-1,98,259,96,-1,96,259,260,-1,96,260,94,-1,94,260,261,-1,94,261,92,-1,92,261,262,-1,92,262,90,-1,90,262,263,-1,90,263,88,-1,73,88,264,-1,264,88,263,-1,73,264,265,-1,73,265,148,-1,148,265,266,-1,148,266,139,-1,139,266,267,-1,139,267,141,-1,141,267,268,-1,141,268,143,-1,143,268,269,-1,143,269,144,-1,144,269,270,-1,144,270,150,-1,150,270,271,-1,150,271,151,-1,151,271,272,-1,151,272,152,-1,152,272,273,-1,152,273,142,-1,142,273,274,-1,142,274,140,-1,140,274,275,-1,140,275,138,-1,138,275,276,-1,138,276,145,-1,145,276,277,-1,145,277,146,-1,146,277,278,-1,146,278,147,-1,147,278,279,-1,147,279,149,-1,149,279,280,-1,149,280,71,-1,71,280,281,-1,71,281,72,-1,89,72,282,-1,282,72,281,-1,89,282,283,-1,89,283,91,-1,91,283,284,-1,91,284,93,-1,93,284,285,-1,93,285,95,-1,95,285,286,-1,95,286,97,-1,97,286,287,-1,97,287,99,-1,99,287,288,-1,99,288,100,-1,100,288,289,-1,100,289,69,-1,69,289,153,-1,69,153,67,-1,20,290,291,-1,20,291,12,-1,12,291,292,-1,12,292,11,-1,11,292,293,-1,11,293,34,-1,34,293,294,-1,34,294,14,-1,14,294,295,-1,14,295,15,-1,15,295,296,-1,15,296,113,-1,113,296,297,-1,113,297,114,-1,114,297,298,-1,114,298,116,-1,116,298,299,-1,116,299,118,-1,118,299,300,-1,118,300,120,-1,120,300,301,-1,120,301,122,-1,122,301,302,-1,122,302,124,-1,124,302,303,-1,124,303,126,-1,126,303,304,-1,126,304,38,-1,38,304,305,-1,38,305,36,-1,36,305,306,-1,36,306,35,-1,35,306,307,-1,35,307,85,-1,85,307,308,-1,85,308,86,-1,86,308,309,-1,86,309,87,-1,87,309,310,-1,87,310,30,-1,30,310,311,-1,30,311,29,-1,29,311,312,-1,29,312,27,-1,27,312,313,-1,27,313,25,-1,25,313,314,-1,25,314,23,-1,23,314,315,-1,23,315,21,-1,21,315,290,-1,21,290,20,-1,
        ]
    }
}
Shape{
    appearance Appearance {
        material  Material 	{
            diffuseColor 0.6666666666666666 0.6666666666666666 0.6666666666666666
            specularColor 0.4666666666666667 0.4666666666666667 0.4666666666666667
            ambientIntensity 0.6667
            transparency 0.0
            shininess 0.5
        }
    }
    geometry IndexedFaceSet {
        ccw TRUE
        solid FALSE
        coord DEF co Coordinate {
            point [
                -0.09 0.3542 1.2441, -0.1152 0.42 1.2441, -0.1199 0.415 1.2441, -0.09 0.4297 1.2441, -0.0835 0.4292 1.2441, -0.0807 0.3554 1.2441, -0.0991 0.4286 1.2441, -0.1076 0.4253 1.2441, -0.0649 0.3638 1.2441, -0.0598 0.4147 1.2441, -0.0663 0.4214 1.2441, -0.1255 0.3792 1.2441, -0.1215 0.3711 1.2441, -0.1154 0.3641 1.2441, -0.0723 0.3586 1.2441, -0.0743 0.4263 1.2441, -0.1247 0.4068 1.2441, -0.1273 0.3976 1.2441, -0.1276 0.3882 1.2441, -0.1077 0.3587 1.2441, -0.0988 0.3553 1.2441, -0.0544 0.3793 1.2441, -0.0524 0.3887 1.2441, -0.0587 0.3709 1.2441, -0.0527 0.3981 1.2441, -0.0553 0.4069 1.2441
            ]
        }
        coordIndex [
            0,1,2,-1,3,0,4,-1,4,0,5,-1,3,6,0,-1,0,6,7,-1,0,7,1,-1,8,9,10,-1,11,12,2,-1,2,12,13,-1,5,14,4,-1,4,14,8,-1,4,8,15,-1,15,8,10,-1,16,17,2,-1,2,17,18,-1,2,18,11,-1,13,19,2,-1,2,19,20,-1,2,20,0,-1,21,22,23,-1,23,22,24,-1,23,24,8,-1,8,24,25,-1,8,25,9,-1,
        ]
    }
}
Shape{
    appearance Appearance {
        material  Material 	{
            diffuseColor 0.0 0.0 0.0
            specularColor 0.0 0.0 0.0
            ambientIntensity 0.0
            transparency 0.0
            shininess 0.5
        }
    }
    geometry IndexedFaceSet {
        ccw TRUE
        solid FALSE
        coord DEF co Coordinate {
            point [
                0.8176 0.6797 1.248, 0.8307 0.6902 1.248, 0.8132 0.6842 1.248, 0.826 0.6947 1.248, 0.8032 0.6909 1.248, 0.8118 0.7044 1.248, 0.7914 0.6951 1.248, 0.7953 0.7104 1.248, 0.7739 0.6971 1.248, 0.7746 0.7127 1.248, 0.7533 0.6971 1.248, 0.7357 0.7127 1.248, 0.7533 0.5921 1.248, 0.7357 0.5765 1.248, 0.7731 0.5921 1.248, 0.7732 0.5765 1.248, 0.7904 0.5939 1.248, 0.7944 0.5789 1.248, 0.802 0.5981 1.248, 0.8103 0.5846 1.248, 0.811 0.604 1.248, 0.8236 0.5935 1.248, 0.8135 0.6063 1.248, 0.826 0.5956 1.248, 0.8203 0.6147 1.248, 0.8362 0.6077 1.248, 0.825 0.6248 1.248, 0.8429 0.6218 1.248, 0.8277 0.6373 1.248, 0.8462 0.6378 1.248, 0.8281 0.6459 1.248, 0.8466 0.6464 1.248, 0.8264 0.6616 1.248, 0.8442 0.6654 1.248, 0.8228 0.6719 1.248, 0.8392 0.6783 1.248, 0.826 0.5956 1.2441, 0.8362 0.6077 1.2441, 0.8429 0.6218 1.2441, 0.8462 0.6378 1.2441, 0.8466 0.6464 1.2441, 0.8442 0.6654 1.2441, 0.8392 0.6783 1.2441, 0.8307 0.6902 1.2441, 0.826 0.6947 1.2441, 0.8118 0.7044 1.2441, 0.7981 0.7094 1.2441, 0.7953 0.7104 1.2441, 0.7746 0.7127 1.2441, 0.7357 0.7127 1.2441, 0.7357 0.5765 1.2441, 0.7732 0.5765 1.2441, 0.7944 0.5789 1.2441, 0.7981 0.5802 1.2441, 0.8103 0.5846 1.2441, 0.8236 0.5935 1.2441, 0.8132 0.6842 1.2441, 0.8176 0.6797 1.2441, 0.8228 0.6719 1.2441, 0.8264 0.6616 1.2441, 0.8281 0.6459 1.2441, 0.7739 0.6971 1.2441, 0.7914 0.6951 1.2441, 0.8032 0.6909 1.2441, 0.7533 0.6971 1.2441, 0.7533 0.5921 1.2441, 0.7731 0.5921 1.2441, 0.8135 0.6063 1.2441, 0.811 0.604 1.2441, 0.802 0.5981 1.2441, 0.7904 0.5939 1.2441, 0.8277 0.6373 1.2441, 0.825 0.6248 1.2441, 0.8203 0.6147 1.2441
            ]
        }
        coordIndex [
            0,1,2,-1,2,1,3,-1,2,3,4,-1,4,3,5,-1,4,5,6,-1,6,5,7,-1,6,7,8,-1,8,7,9,-1,8,9,10,-1,10,9,11,-1,10,11,12,-1,12,11,13,-1,12,13,14,-1,14,13,15,-1,14,15,16,-1,16,15,17,-1,16,17,18,-1,18,17,19,-1,18,19,20,-1,20,19,21,-1,20,21,22,-1,22,21,23,-1,22,23,24,-1,24,23,25,-1,24,25,26,-1,26,25,27,-1,26,27,28,-1,28,27,29,-1,28,29,30,-1,30,29,31,-1,30,31,32,-1,32,31,33,-1,32,33,34,-1,34,33,35,-1,34,35,0,-1,0,35,1,-1,23,36,37,-1,23,37,25,-1,25,37,38,-1,25,38,27,-1,27,38,39,-1,27,39,29,-1,29,39,40,-1,29,40,31,-1,31,40,41,-1,31,41,33,-1,33,41,42,-1,33,42,35,-1,35,42,43,-1,35,43,1,-1,1,43,44,-1,1,44,3,-1,3,44,45,-1,46,7,45,-1,45,7,5,-1,45,5,3,-1,46,47,7,-1,7,47,48,-1,7,48,9,-1,11,9,49,-1,49,9,48,-1,13,11,50,-1,50,11,49,-1,15,13,51,-1,51,13,50,-1,15,51,52,-1,15,52,17,-1,17,52,53,-1,17,53,19,-1,53,54,19,-1,19,54,55,-1,19,55,21,-1,21,55,36,-1,21,36,23,-1,2,56,57,-1,2,57,0,-1,0,57,58,-1,0,58,34,-1,34,58,59,-1,34,59,32,-1,32,59,60,-1,32,60,30,-1,8,61,62,-1,8,62,6,-1,6,62,63,-1,6,63,4,-1,4,63,56,-1,4,56,2,-1,8,10,61,-1,61,10,64,-1,10,12,64,-1,64,12,65,-1,12,14,65,-1,65,14,66,-1,22,67,68,-1,22,68,20,-1,20,68,69,-1,20,69,18,-1,18,69,70,-1,18,70,16,-1,16,70,66,-1,16,66,14,-1,30,60,71,-1,30,71,28,-1,28,71,72,-1,28,72,26,-1,26,72,73,-1,26,73,24,-1,24,73,67,-1,24,67,22,-1,
        ]
    }
}
Shape{
    appearance Appearance {
        material  Material 	{
            diffuseColor 0.6666666666666666 0.6666666666666666 0.6666666666666666
            specularColor 0.4666666666666667 0.4666666666666667 0.4666666666666667
            ambientIntensity 0.6667
            transparency 0.0
            shininess 0.5
        }
    }
    geometry IndexedFaceSet {
        ccw TRUE
        solid FALSE
        coord DEF co Coordinate {
            point [
                0.7533 0.6971 1.2441, 0.7533 0.5921 1.2441, 0.7739 0.6971 1.2441, 0.7731 0.5921 1.2441, 0.7904 0.5939 1.2441, 0.802 0.5981 1.2441, 0.811 0.604 1.2441, 0.8135 0.6063 1.2441, 0.8203 0.6147 1.2441, 0.825 0.6248 1.2441, 0.8277 0.6373 1.2441, 0.8281 0.6459 1.2441, 0.8264 0.6616 1.2441, 0.8228 0.6719 1.2441, 0.8176 0.6797 1.2441, 0.8132 0.6842 1.2441, 0.7914 0.6951 1.2441, 0.8032 0.6909 1.2441
            ]
        }
        coordIndex [
            0,1,2,-1,2,1,3,-1,2,3,4,-1,4,5,2,-1,2,5,6,-1,2,6,7,-1,7,8,2,-1,2,8,9,-1,2,9,10,-1,10,11,2,-1,2,11,12,-1,2,12,13,-1,13,14,2,-1,2,14,15,-1,2,15,16,-1,16,15,17,-1,
        ]
    }
}
Shape{
    appearance Appearance {
        material  Material 	{
            diffuseColor 0.0 0.0 0.0
            specularColor 0.0 0.0 0.0
            ambientIntensity 0.0
            transparency 0.0
            shininess 0.5
        }
    }
    geometry IndexedFaceSet {
        ccw TRUE
        solid FALSE
        coord DEF co Coordinate {
            point [
                0.5743 0.5899 1.248, 0.5743 0.5899 1.2441, 0.5605 0.5916 1.2441, 0.5605 0.5916 1.248, 0.5508 0.5954 1.2441, 0.5508 0.5954 1.248, 0.5419 0.6017 1.2441, 0.5419 0.6017 1.248, 0.5393 0.6042 1.2441, 0.5393 0.6042 1.248, 0.5327 0.6135 1.2441, 0.5327 0.6135 1.248, 0.5283 0.6244 1.2441, 0.5283 0.6244 1.248, 0.5261 0.6381 1.2441, 0.5261 0.6381 1.248, 0.526 0.6431 1.2441, 0.526 0.6431 1.248, 0.5278 0.6603 1.2441, 0.5278 0.6603 1.248, 0.5322 0.6724 1.2441, 0.5322 0.6724 1.248, 0.5386 0.6821 1.2441, 0.5386 0.6821 1.248, 0.5403 0.684 1.2441, 0.5403 0.684 1.248, 0.5496 0.6917 1.2441, 0.5496 0.6917 1.248, 0.5603 0.6967 1.2441, 0.5603 0.6967 1.248, 0.5722 0.6989 1.2441, 0.5722 0.6989 1.248, 0.5774 0.6991 1.2441, 0.5774 0.6991 1.248, 0.5942 0.6971 1.2441, 0.5942 0.6971 1.248, 0.608 0.6919 1.2441, 0.608 0.6919 1.248, 0.6095 0.6911 1.2441, 0.6095 0.6911 1.248, 0.6095 0.7094 1.248, 0.6095 0.7094 1.2441, 0.5772 0.715 1.2441, 0.5772 0.715 1.248, 0.5777 0.715 1.248, 0.5954 0.7136 1.2441, 0.5954 0.7136 1.248, 0.5916 0.7139 1.2441, 0.5777 0.715 1.2441, 0.5679 0.7139 1.2441, 0.5573 0.7126 1.248, 0.5573 0.7126 1.2441, 0.5431 0.707 1.2441, 0.5431 0.707 1.248, 0.5304 0.698 1.2441, 0.5304 0.698 1.248, 0.5272 0.695 1.2441, 0.5272 0.695 1.248, 0.5173 0.6821 1.2441, 0.5136 0.6734 1.2441, 0.5108 0.6669 1.248, 0.5173 0.6821 1.248, 0.5108 0.6669 1.2441, 0.5078 0.6491 1.2441, 0.5078 0.6491 1.248, 0.5075 0.6421 1.2441, 0.5075 0.6421 1.248, 0.5097 0.6217 1.2441, 0.5136 0.611 1.2441, 0.515 0.6071 1.248, 0.5097 0.6217 1.248, 0.515 0.6071 1.2441, 0.5228 0.5952 1.2441, 0.5228 0.5952 1.248, 0.525 0.5928 1.2441, 0.525 0.5928 1.248, 0.536 0.5837 1.2441, 0.536 0.5837 1.248, 0.5488 0.5777 1.2441, 0.5488 0.5777 1.248, 0.5636 0.5746 1.2441, 0.5636 0.5746 1.248, 0.5718 0.5742 1.2441, 0.5718 0.5742 1.248, 0.5925 0.5762 1.2441, 0.5925 0.5762 1.248, 0.6072 0.581 1.2441, 0.6072 0.581 1.248, 0.6095 0.5822 1.2441, 0.6095 0.5822 1.248, 0.6095 0.599 1.248, 0.6095 0.599 1.2441, 0.5962 0.593 1.2441, 0.5962 0.593 1.248, 0.5808 0.5902 1.2441, 0.5808 0.5902 1.248, 1.0628 0.4131 1.248, 1.0572 0.3977 1.248, 1.1085 0.4131 1.248, 1.1139 0.3977 1.248, 1.0831 0.4697 1.248, 1.0765 0.4967 1.248, 1.0247 0.3605 1.248, 1.0441 0.3605 1.248, 1.0843 0.4738 1.248, 1.0854 0.4793 1.248, 1.0953 0.4967 1.248, 1.0858 0.4793 1.248, 1.0869 0.4735 1.248, 1.0879 0.4697 1.248, 1.1472 0.3605 1.248, 1.1278 0.3605 1.248, 1.0765 0.4967 1.2441, 1.0953 0.4967 1.2441, 1.0247 0.3605 1.2441, 1.0441 0.3605 1.2441, 1.0572 0.3977 1.2441, 1.1139 0.3977 1.2441, 1.1278 0.3605 1.2441, 1.1472 0.3605 1.2441, 1.0831 0.4697 1.2441, 1.0843 0.4738 1.2441, 1.0854 0.4793 1.2441, 1.0628 0.4131 1.2441, 1.1085 0.4131 1.2441, 1.0879 0.4697 1.2441, 1.0858 0.4793 1.2441, 1.0869 0.4735 1.2441
            ]
        }
        coordIndex [
            0,1,2,-1,0,2,3,-1,3,2,4,-1,3,4,5,-1,5,4,6,-1,5,6,7,-1,7,6,8,-1,7,8,9,-1,9,8,10,-1,9,10,11,-1,11,10,12,-1,11,12,13,-1,13,12,14,-1,13,14,15,-1,15,14,16,-1,15,16,17,-1,17,16,18,-1,17,18,19,-1,19,18,20,-1,19,20,21,-1,21,20,22,-1,21,22,23,-1,23,22,24,-1,23,24,25,-1,25,24,26,-1,25,26,27,-1,27,26,28,-1,27,28,29,-1,29,28,30,-1,29,30,31,-1,31,30,32,-1,31,32,33,-1,33,32,34,-1,33,34,35,-1,35,34,36,-1,35,36,37,-1,37,36,38,-1,37,38,39,-1,40,39,41,-1,41,39,38,-1,42,43,44,-1,40,41,45,-1,40,45,46,-1,46,45,47,-1,46,47,44,-1,44,47,48,-1,44,48,42,-1,43,42,49,-1,43,49,50,-1,49,51,50,-1,50,51,52,-1,50,52,53,-1,53,52,54,-1,53,54,55,-1,55,54,56,-1,55,56,57,-1,57,56,58,-1,59,60,58,-1,58,60,61,-1,58,61,57,-1,59,62,60,-1,60,62,63,-1,60,63,64,-1,64,63,65,-1,64,65,66,-1,66,65,67,-1,68,69,67,-1,67,69,70,-1,67,70,66,-1,68,71,69,-1,69,71,72,-1,69,72,73,-1,73,72,74,-1,73,74,75,-1,75,74,76,-1,75,76,77,-1,77,76,78,-1,77,78,79,-1,79,78,80,-1,79,80,81,-1,81,80,82,-1,81,82,83,-1,83,82,84,-1,83,84,85,-1,85,84,86,-1,85,86,87,-1,87,86,88,-1,87,88,89,-1,90,89,91,-1,91,89,88,-1,90,91,92,-1,90,92,93,-1,93,92,94,-1,93,94,95,-1,95,94,1,-1,95,1,0,-1,37,39,40,-1,19,21,61,-1,37,40,35,-1,35,40,46,-1,35,46,33,-1,33,46,44,-1,33,44,31,-1,31,44,43,-1,31,43,29,-1,29,43,50,-1,29,50,27,-1,89,90,87,-1,87,90,93,-1,87,93,85,-1,85,93,95,-1,85,95,83,-1,83,95,0,-1,83,0,81,-1,81,0,3,-1,81,3,79,-1,79,3,5,-1,79,5,77,-1,77,5,7,-1,77,7,75,-1,75,7,9,-1,75,9,73,-1,73,9,11,-1,73,11,69,-1,61,21,57,-1,50,53,27,-1,27,53,55,-1,27,55,25,-1,25,55,57,-1,25,57,23,-1,23,57,21,-1,66,17,64,-1,64,17,19,-1,64,19,60,-1,60,19,61,-1,69,11,70,-1,70,11,13,-1,70,13,66,-1,66,13,15,-1,66,15,17,-1,96,97,98,-1,98,97,99,-1,100,101,96,-1,96,101,102,-1,96,102,97,-1,97,102,103,-1,100,104,101,-1,101,104,105,-1,101,105,106,-1,106,105,107,-1,106,107,108,-1,108,109,106,-1,106,109,98,-1,106,98,110,-1,110,98,99,-1,110,99,111,-1,101,106,112,-1,112,106,113,-1,102,101,114,-1,114,101,112,-1,103,102,115,-1,115,102,114,-1,97,103,116,-1,116,103,115,-1,99,97,117,-1,117,97,116,-1,111,99,118,-1,118,99,117,-1,110,111,119,-1,119,111,118,-1,106,110,113,-1,113,110,119,-1,100,120,121,-1,100,121,104,-1,104,121,122,-1,104,122,105,-1,100,96,120,-1,120,96,123,-1,96,98,123,-1,123,98,124,-1,98,109,124,-1,124,109,125,-1,107,126,127,-1,107,127,108,-1,108,127,125,-1,108,125,109,-1,107,105,126,-1,126,105,122,-1,
        ]
    }
}
Shape{
    appearance Appearance {
        material  Material 	{
            diffuseColor 0.6666666666666666 0.6666666666666666 0.6666666666666666
            specularColor 0.4666666666666667 0.4666666666666667 0.4666666666666667
            ambientIntensity 0.6667
            transparency 0.0
            shininess 0.5
        }
    }
    geometry IndexedFaceSet {
        ccw TRUE
        solid FALSE
        coord DEF co Coordinate {
            point [
                1.0858 0.4793 1.2441, 1.0854 0.4793 1.2441, 1.0869 0.4735 1.2441, 1.0843 0.4738 1.2441, 1.0879 0.4697 1.2441, 1.0831 0.4697 1.2441, 1.1085 0.4131 1.2441, 1.0628 0.4131 1.2441
            ]
        }
        coordIndex [
            0,1,2,-1,2,1,3,-1,2,3,4,-1,4,3,5,-1,4,5,6,-1,6,5,7,-1,
        ]
    }
}
Shape{
    appearance Appearance {
        material  Material 	{
            diffuseColor 0.0 0.0 0.0
            specularColor 0.0 0.0 0.0
            ambientIntensity 0.0
            transparency 0.0
            shininess 0.5
        }
    }
    geometry IndexedFaceSet {
        ccw TRUE
        solid FALSE
        coord DEF co Coordinate {
            point [
                0.8249 0.376 1.2441, 0.8249 0.376 1.248, 0.8504 0.376 1.2441, 0.8805 0.376 1.248, 0.8805 0.376 1.2441, 0.8249 0.4218 1.248, 0.8249 0.4218 1.2441, 0.8736 0.4218 1.2441, 0.8736 0.4218 1.248, 0.8504 0.4218 1.2441, 0.8736 0.4374 1.248, 0.8736 0.4374 1.2441, 0.8249 0.4374 1.2441, 0.8249 0.4374 1.248, 0.8504 0.4374 1.2441, 0.8249 0.481 1.248, 0.8249 0.481 1.2441, 0.8774 0.481 1.2441, 0.8774 0.481 1.248, 0.8504 0.481 1.2441, 0.8774 0.4967 1.248, 0.8774 0.4967 1.2441, 0.8073 0.4967 1.2441, 0.8073 0.4967 1.248, 0.8504 0.4967 1.2441, 0.8073 0.3605 1.248, 0.8073 0.3605 1.2441, 0.8805 0.3605 1.2441, 0.8805 0.3605 1.248, 0.8504 0.3605 1.2441, 0.4477 0.376 1.248, 0.5034 0.376 1.248, 0.4477 0.376 1.2441, 0.5034 0.376 1.2441, 0.4477 0.4218 1.248, 0.4477 0.4218 1.2441, 0.4964 0.4218 1.248, 0.4964 0.4218 1.2441, 0.4964 0.4374 1.248, 0.4964 0.4374 1.2441, 0.4477 0.4374 1.248, 0.4477 0.4374 1.2441, 0.4477 0.481 1.248, 0.4477 0.481 1.2441, 0.5003 0.481 1.248, 0.5003 0.481 1.2441, 0.5003 0.4967 1.248, 0.5003 0.4967 1.2441, 0.4301 0.4967 1.248, 0.4301 0.4967 1.2441, 0.4301 0.3605 1.248, 0.4301 0.3605 1.2441, 0.5034 0.3605 1.248, 0.5034 0.3605 1.2441, 0.8922 0.6292 1.248, 0.8867 0.6138 1.248, 0.9379 0.6292 1.248, 0.9434 0.6138 1.248, 0.9126 0.6858 1.248, 0.906 0.7127 1.248, 0.8541 0.5765 1.248, 0.8736 0.5765 1.248, 0.9138 0.6898 1.248, 0.9148 0.6953 1.248, 0.9248 0.7127 1.248, 0.9152 0.6953 1.248, 0.9163 0.6896 1.248, 0.9174 0.6858 1.248, 0.9767 0.5765 1.248, 0.9573 0.5765 1.248, 0.906 0.7127 1.2441, 0.9248 0.7127 1.2441, 0.8541 0.5765 1.2441, 0.8934 0.6796 1.2441, 0.8736 0.5765 1.2441, 0.8867 0.6138 1.2441, 0.9434 0.6138 1.2441, 0.8934 0.6138 1.2441, 0.9573 0.5765 1.2441, 0.9767 0.5765 1.2441, 0.9126 0.6858 1.2441, 0.9138 0.6898 1.2441, 0.9148 0.6953 1.2441, 0.8922 0.6292 1.2441, 0.9379 0.6292 1.2441, 0.9174 0.6858 1.2441, 0.9152 0.6953 1.2441, 0.9163 0.6896 1.2441
            ]
        }
        coordIndex [
            0,1,2,-1,2,1,3,-1,2,3,4,-1,5,1,6,-1,6,1,0,-1,7,8,9,-1,9,8,5,-1,9,5,6,-1,10,8,11,-1,11,8,7,-1,12,13,14,-1,14,13,10,-1,14,10,11,-1,15,13,16,-1,16,13,12,-1,17,18,19,-1,19,18,15,-1,19,15,16,-1,20,18,21,-1,21,18,17,-1,22,23,24,-1,24,23,20,-1,24,20,21,-1,25,23,26,-1,26,23,22,-1,27,28,29,-1,29,28,25,-1,29,25,26,-1,3,28,4,-1,4,28,27,-1,25,28,3,-1,3,1,25,-1,25,1,5,-1,25,5,23,-1,18,20,15,-1,15,20,23,-1,15,23,13,-1,13,23,5,-1,13,5,10,-1,10,5,8,-1,30,31,32,-1,32,31,33,-1,34,30,35,-1,35,30,32,-1,36,34,37,-1,37,34,35,-1,38,36,39,-1,39,36,37,-1,40,38,41,-1,41,38,39,-1,42,40,43,-1,43,40,41,-1,44,42,45,-1,45,42,43,-1,46,44,47,-1,47,44,45,-1,48,46,49,-1,49,46,47,-1,50,48,51,-1,51,48,49,-1,52,50,53,-1,53,50,51,-1,31,52,33,-1,33,52,53,-1,50,52,31,-1,31,30,50,-1,50,30,34,-1,50,34,48,-1,44,46,42,-1,42,46,48,-1,42,48,40,-1,40,48,34,-1,40,34,38,-1,38,34,36,-1,54,55,56,-1,56,55,57,-1,58,59,54,-1,54,59,60,-1,54,60,55,-1,55,60,61,-1,58,62,59,-1,59,62,63,-1,59,63,64,-1,64,63,65,-1,64,65,66,-1,66,67,64,-1,64,67,56,-1,64,56,68,-1,68,56,57,-1,68,57,69,-1,59,64,70,-1,70,64,71,-1,72,60,73,-1,73,60,59,-1,73,59,70,-1,61,60,74,-1,74,60,72,-1,55,61,75,-1,75,61,74,-1,76,57,77,-1,77,57,55,-1,77,55,75,-1,69,57,78,-1,78,57,76,-1,68,69,79,-1,79,69,78,-1,64,68,71,-1,71,68,79,-1,58,80,81,-1,58,81,62,-1,62,81,82,-1,62,82,63,-1,58,54,80,-1,80,54,83,-1,54,56,83,-1,83,56,84,-1,56,67,84,-1,84,67,85,-1,65,86,87,-1,65,87,66,-1,66,87,85,-1,66,85,67,-1,65,63,86,-1,86,63,82,-1,
        ]
    }
}
Shape{
    appearance Appearance {
        material  Material 	{
            diffuseColor 0.6666666666666666 0.6666666666666666 0.6666666666666666
            specularColor 0.4666666666666667 0.4666666666666667 0.4666666666666667
            ambientIntensity 0.6667
            transparency 0.0
            shininess 0.5
        }
    }
    geometry IndexedFaceSet {
        ccw TRUE
        solid FALSE
        coord DEF co Coordinate {
            point [
                0.9152 0.6953 1.2441, 0.9148 0.6953 1.2441, 0.9163 0.6896 1.2441, 0.9138 0.6898 1.2441, 0.9174 0.6858 1.2441, 0.9126 0.6858 1.2441, 0.9379 0.6292 1.2441, 0.8922 0.6292 1.2441
            ]
        }
        coordIndex [
            0,1,2,-1,2,1,3,-1,2,3,4,-1,4,3,5,-1,4,5,6,-1,6,5,7,-1,
        ]
    }
}
Shape{
    appearance Appearance {
        material  Material 	{
            diffuseColor 0.0 0.0 0.0
            specularColor 0.0 0.0 0.0
            ambientIntensity 0.0
            transparency 0.0
            shininess 0.5
        }
    }
    geometry IndexedFaceSet {
        ccw TRUE
        solid FALSE
        coord DEF co Coordinate {
            point [
                0.6543 0.5921 1.2441, 0.6543 0.5921 1.248, 0.6911 0.5921 1.2441, 0.71 0.5921 1.248, 0.71 0.5921 1.2441, 0.6543 0.6379 1.248, 0.6543 0.6379 1.2441, 0.703 0.6379 1.248, 0.6911 0.6379 1.2441, 0.703 0.6379 1.2441, 0.703 0.6535 1.248, 0.703 0.6535 1.2441, 0.6543 0.6535 1.2441, 0.6543 0.6535 1.248, 0.6911 0.6535 1.2441, 0.6543 0.6971 1.248, 0.6543 0.6971 1.2441, 0.7069 0.6971 1.2441, 0.7069 0.6971 1.248, 0.6911 0.6971 1.2441, 0.7069 0.7127 1.248, 0.7069 0.7127 1.2441, 0.6367 0.7127 1.2441, 0.6367 0.7127 1.248, 0.6911 0.7127 1.2441, 0.6367 0.5765 1.248, 0.6367 0.5765 1.2441, 0.71 0.5765 1.2441, 0.71 0.5765 1.248, 0.6911 0.5765 1.2441, 0.4477 0.5921 1.248, 0.502 0.5921 1.248, 0.4477 0.5921 1.2441, 0.502 0.5921 1.2441, 0.4477 0.7127 1.248, 0.4477 0.7127 1.2441, 0.4301 0.7127 1.248, 0.4301 0.7127 1.2441, 0.4301 0.5765 1.248, 0.4301 0.5765 1.2441, 0.502 0.5765 1.248, 0.502 0.5765 1.2441
            ]
        }
        coordIndex [
            0,1,2,-1,2,1,3,-1,2,3,4,-1,5,1,6,-1,6,1,0,-1,5,6,7,-1,7,6,8,-1,7,8,9,-1,10,7,11,-1,11,7,9,-1,12,13,14,-1,14,13,10,-1,14,10,11,-1,15,13,16,-1,16,13,12,-1,17,18,19,-1,19,18,15,-1,19,15,16,-1,20,18,21,-1,21,18,17,-1,22,23,24,-1,24,23,20,-1,24,20,21,-1,25,23,26,-1,26,23,22,-1,27,28,29,-1,29,28,25,-1,29,25,26,-1,3,28,4,-1,4,28,27,-1,25,28,3,-1,3,1,25,-1,25,1,5,-1,25,5,23,-1,18,20,15,-1,15,20,23,-1,15,23,13,-1,13,23,5,-1,13,5,10,-1,10,5,7,-1,30,31,32,-1,32,31,33,-1,34,30,35,-1,35,30,32,-1,36,34,37,-1,37,34,35,-1,38,36,39,-1,39,36,37,-1,40,38,41,-1,41,38,39,-1,31,40,33,-1,33,40,41,-1,34,36,30,-1,30,36,38,-1,30,38,31,-1,31,38,40,-1,
        ]
    }
}